cat_id,train_text
3,"بازداشت اطرافیان احمدی نژاد به اتهام فساد ادامه خواهد یافت؟ \r\n سایت ""المانیتور"" با انتشار گزارشی به بازداشت اخیر ""محمدرضا رحیمی"" و انتقال او به زندان اوین به اتهام فساد و اختلاس اشاره می کند و می نویسد: این اقدام در حالی صورت گرفته که دولت ایران مبارزه ای را علیه فساد مالی و اداری بخصوص در نهادهای دولتی آغاز کرده است. \r\n\r\n به گزارش خرداد، ""المانیتور"" تلاش دولت برای جلب نظر مساعد سرمایه گذاران خصوصی را یکی از بهترین راهکارها به مظنور مقابله با گسترش فساد دولتی می داند."" \r\n\r\n المانیتور پیش بینی می کند که روند بازداشت اطرافیان احمدی نژاد به اتهام فساد و اختلاس ادامه خواهد یافت و علت اصلی این موضوع را تمرکز ثروت در دست بخش دولتی می داند و می نویسد: ""مشکل اقتصاد ایران ساختاری است. علاوه بر احتمال محاکمه یاران دیگر احمدی نژاد این موضوع مطرح شده که تعدادی از نمایندگان مجلس ایران نیز از رحیمی و شبکه تحت هدایت او رشوه دریافت کرده اند. دو عضو این شبکه نیز با اتهامی مشابه مواجه شده بودند یکی از آنان بابک زنجانی بازرگان ایرانی بود که در حال گذراندن دوران محکومیت خود در زندان به اتهام فساد و سوء استفاده از امکانات دولتی است و دیگری نیز سعید مرتضوی رییس پیشین سازمان تامین اجتماعی است که به اتهام فساد از فعالیت در تمام منماصب دولتی منع شده است."" \r\n\r\n المانیتور در ادامه با اشاره به قوانین و مقرراتی که می تواند با کمک بخش خصوصی به کاهش ابعاد فساد در اقتصاد ایران بیانجامد اشاره کرده و می نویسد: ""عدم شفافیت و تمرکز قدرت و ثروت در دست و انحصار افرادی معدود و خاص باعث ایجاد فساد می شود. دولت روحانی می تواند با شکستن انحصارات، اصلاح قوانین و مقررات، تعامل با جامعه مدنی و رسانه ها و همچنین هموار کردن مسیر توانمندترشدن بخش خصوصی و رقابتی ترشدن آن به این کاهش فساد اداری و اقتصادی کمک کند. علیرغم آن که اکثر سیاستمداران ایرانی از لزوم توجه به بخش خصوصی در ایران سخن می گویند با این حال، واقعیت آن است که تاکنون سیاست های اعمال شده سبب بزرگ تر شدن دولت شده است."" \r\n\r\n اخبار سیاسی - خردادنیوز"
3,اصولگرایان با احیای خانه احزاب قبلی مخالف هستند/ به دنبال تشکیل باشگاه احزاب هستیم \r\n به گزارش خبرنگار حوزه احزاب خبرگزاری فارس ، محمد حسن غفوری فرد عضو ادوار شورای مرکزی خانه احزاب در حاشیه کنگره جمعیت ایثارگران با حضور در جمع خبرنگاران و در پاسخ به سؤال خبرنگار فارس درباره آخرین وضعیت راه اندازی خانه احزاب جدید اظهار داشت: در حال حاضر 80تا 90 حزب، نامه مربوط به خانه احزاب را امضا کرده اند اما اصولگرایان فعلا موافق این مسئله نیستند. \r\n\r\n غفوری فرد ادامه داد: یک عده معتقدند آن خانه احزاب برندی در کشور بوده و باید همان احیا شود اما برخی نیز معتقدند که در آن خانه احزاب تقلب هایی اتفاق افتاده و از آن ذهنیت منفی وجود دارد از این رو باید با عنوان جدید شروع به فعالیت کند. \r\n\r\n این فعال اصولگرا با اشاره به عناوینی همچون باشگاه یا کانون احزاب برای راه اندازی خانه احزاب جدید تصریح کرد: در حال حاضر بحث محتوایی کمتر است و مباحث بر روی قالب و شکل و فرم متمرکز است؛ نامه ای در این زمینه تهیه و گروه هایی نیز آن را امضا کردند تا مجمع عمومی تشکیل شود. \r\n\r\n وی با بیان اینکه اگر دو سوم اعضای خانه احزاب درخواست مجمع عمومی کنند طبق اساسنامه باید تشکیل شود، خاطر نشان کرد: قرار بود آن نامه درخواست نوشته شود و عده ای نیز آن را امضا کردند اما احزاب اصولگرا با توجه به سابقه خانه احزاب با احیای آن مخالف هستند چرا که خانه احزاب واقعی یا باشگاه احزاب زمانی شکل می گیرد که متشکل از همه گروه های اصولگرا، اصلاح طلب و مستقل ها باشد. \r\n\r\n غفوری فرد یادآور شد: اگر غیر از این باشد همه گروه ها برای خود از مجموعه ای برخوردار هستند اما بحث خانه احزاب این است که احزاب مختلف در آن جمع شوند. \r\n\r\n غفوری فرد تأکید کرد: در حال حاضر محوریت بنده و آقای موسوی تبریزی در موضوع احیای خانه احزاب دیگر وجود ندارد. \r\n\r\n این فعال اصولگرا در پایان با اشاره به اینکه زمان جلسه بعدی با وزیر کشور از سوی وزیر تعیین می شود، گفت: با توجه به ذهنیت منفی که از خانه احزاب قبلی وجود دارد اصولگرایان بر روی عناوینی همچون باشگاه احزاب یا کانون احزاب تأکید دارند. \r\n\r\n انتهای پیام/
3,امیدواریم هر چه زودتر لایحه اصلاح قانون احزاب تقدیم مجلس شود \r\n دبیرکل حزب مردم سالاری عنوان کرد: در انتخابات حتما باید از راهنمایی و حمایت بزرگان جریان اصلاح طلب بهره مند شویم. در عین حال لیست های انتخاباتی را نباید اشخاص ببندند، بلکه این احزاب هستند که به لیست های نهایی انتخاباتی می رسند. مصطفی کواکبیان در گفت وگو با ایلنا، در پاسخ به این سوال که اصلاح طلبان در مقابل اصولگرایان که در حال برگزاری جلسات هم اندیشی هستند چه تمهیداتی را برای انتخابات مجلس آینده پیش رو خواهند داشت، عنوان کرد: حزب مردم سالاری طرح امام (ائتلاف ملی اصلاح طلبان میهن) را پیشنهاد داد و پس از آن نیز شورای هماهنگی جبهه اصلاحات تصویب کرد که در دی ماه همایشی را در همین رابطه با حضور اصلاح طلبان داشته باشیم. \r\n\r\n وی گفت: همه اصلاح طلبان در این همایش خواهند بود. آقای خاتمی هم به عنوان محور اصلاحات قطعا به این همایش دعوت می شود و اگر مصلحت بداند حتما به همایش خواهند آمد. دبیرکل حزب مردم سالاری عنوان کرد: ما حتما باید در انتخابات از راهنمایی و حمایت بزرگان این جریان بهره مند شویم اما معتقدم لیست های انتخاباتی را نباید اشخاص ببندند بلکه این احزاب هستند که به لیست های نهایی انتخاباتی می رسند. مضاف بر اینکه حمایت از گروه های اصلاح طلب توسط بزرگان این جریان تقویت شود. وی افزود: اگر با همین روند اصلاح طلبان بتوانند یک لیست واحد ارائه کنند، موجب پیروزی و موفقیت اصلاح طلبان در سراسر کشور خواهد شد. کواکبیان در مورد نحوه تعامل وزارت کشور با احزاب، گفت: نگاه وزارت کشور فعلی به احزاب قطعا رویکرد مثبتی است. جلسات و نشست های مختلفی با وزارت کشور داشتیم و طرح اصلاح قانون احزاب توسط کمیته مشورتی منتخبی که از 15 حزب بودند به وزارت کشور داده شده و امیدواریم این طرح مشورتی در وزارت کشور پخته تر شود و وقتی به دولت ارسال شد هر چه زودتر تقدیم مجلس شود و ما همچنان منتظریم . وی ادامه داد: در مورد راه اندازی خانه احزاب معتقدیم وزارت کشور باید هم اندیشی بیشتری داشته باشد تا بتوانیم نظام انتخاباتی حزبی داشته باشیم چراکه نظام انتخاباتی حزبی، بدون راه اندازی خانه احزاب ممکن نیست. کواکبیان در پایان به نحوه فعالیت احزاب در استان ها اشاره کرد و افزود: عموم اصلاح طلبان سراسر کشور از نوع تعامل استانداران با مجموعه اصلاحات و فعالان سیاسی گلایه مند هستند و امیدواریم وزارت کشور این را مدنظر قرار بدهد تا این گلایه مرتفع شود.
3,برنامه دیدارهای هیات مذاکره کننده هسته ای ایران/24 دی دیدار ظریف و کری \r\n به گزارش گروه سیاست خارجی خبرگزاری فارس ، عباس عراقچی، معاون وزیر خارجه و عضو ارشد گروه مذاکره کننده هسته ای کشورمان در خصوص برنامه دیدارهای آتی دو جانبه و چند جانبه با اعضای گروه 1+ 5 در تهران و ژنو اظهار داشت: روز دوشنبه 22 دی آقای سرگی ریابکف معاون وزیر خارجه روسیه و نماینده آن کشور در مذاکرات هسته ای جهت مذاکرات و رایزنی های دوجانبه هسته ای به ایران سفر می کند. وی در این سفر همچنین با ظریف وزیر امور خارجه کشورمان دیدار خواهد کرد. \r\n\r\n عراقچی افزود: روز چهارشنبه 24 دی نیز ظریف وزیر امور خارجه کشورمان و جان کری وزیر امور خارجه آمریکا به ژنو خواهند رفت تا پیش از مذاکرات دوجانبه معاونین خود با یکدیگر دیدار نموده و راهنمایی های لازم را به عمل آورند. \r\n\r\n وی افزود : متعاقبا طی روزهای 25 الی 27 دی هیاتهای مذاکره کننده ایرانی و آمریکایی در ژنو مذاکره دو جانبه خواهند داشت و روز 28 دی نیز مذاکرات ایران و 1+5 در سطح معاونین برگزار خواهد شد. \r\n\r\n عراقچی افزود : قبل و بعد از این مذاکرات، با بقیه اعضای 1+5 نیز به صورت دو جانبه ملاقات و مذاکره صورت خواهد گرفت.
3,پرزیدنت روحانی می خواهد بر سر غنی سازی سازش کند \r\n به گزارش گروه بین الملل خبرگزاری فارس ، پایگاه تحلیلی خبری جینز در مقاله ای سخنان اخیر دکتر حسن روحانی در خصوص پرونده هسته ای پرداخته و بر اساس استباط خود و بر خلاف متن سخنان آقای روحانی، این سخنرانی را نشان دهنده تمایل وی برای سازش بر سر غنی سازی ارزیابی کرده است. \r\n\r\n در ابتداء، جینز سابقه ای مختصر از سخنان اخیر دکتر روحانی ارائه می دهد و می گوید در روز چهار ژانویه (یکشنبه 14 دی)، پرزیدنت حسن روحانی، در یک کنفرانس اقتصادی سخن گفت و سخنانش دلالت بر این امر می کرد که توقف برخی انواع غنی سازی که فعلاً نیازی به آنها نداریم به معنای سازش بر سر اصول و اهدافمان نیست. \r\n\r\n جینز به زوایای بیشتری از سخنان دکتر روحانی می پردازد و می گوید که حسن روحانی کفته آرمان های ما به سانتریفیوژ وصل نیست. \r\n\r\n این پایگاه خبری اما سخنان رئیس جمهوری را اینگونه ارزیابی می کند که روحانی به سازش بر سر توانایی غنی سازی ایران تمایل دارد؛ غنی سازی یک مسئله کلیدی در مذاکرات ایران و 1+5 است. \r\n\r\n انتهای پیام/
3,جلسه هیئت وزیران در محضر رهبر معظم انقلاب برگزار شد \r\n به گزارش خبرگزای آنا به نقل از پایگاه اطلاع رسانی دفتر مقام معظم رهبری، جلسه هیئت دولت، ویژه بررسی مشکلات و مسائل مرتبط با توسعه استان خراسان شمالی در حضور رهبر معظم انقلاب اسلامی برگزار شد.در این جلسه رهبر معظم انقلاب نکات و اولویت های اساسی برای ارتقای سطح استان را بیان کردند.در ابتدای جلسه نیز محمدرضا رحیمی معاون اول رئیس جمهور گزارشی از وضعیت استان و مصوبات جلسه ویژه هیئت دولت برای استان خراسان شمالی ارائه کرد.
3,همه 290 کرسی آینده مجلس دهم را می خواهیم/باید مجلسی داشته باشیم که با علی مطهری های آن برخوردی نشود \r\n به گزارش خبرنگار سیاسی خبرگزاری فارس ، مصطفی کواکبیان دبیرکل حزب مردمسالاری در همایش سراسری جبهه اصلاحات طی سخنانی به انتخابات آتی مجلس اشاره کرد و اظهار داشت: ما همه 290 کرسی آینده مجلس دهم را می خواهیم. \r\n\r\n کواکبیان همچنین تصریح کرد: ما باید مجلسی داشته باشیم که با علی مطهری ها آن برخوردها صورت نگیرد. \r\n\r\n ادامه دارد...
3,رابطه با چین را یک رابطه استراتژیک می دانیم/سفر رئیس جمهور چین به ایران در آینده نزدیک \r\n به گزارش خبرنگار سیاسی خبرگزاری فارس ، علی اکبر ولایتی رئیس مجلس بررسی های استراتژیک مجمع تشخیص مصلحت نظام ظهر امروز دوشنبه با وانگ ای وزیر خارجه چین دیدار و گفت وگو کرد. \r\n\r\n ولایتی در این دیدار با تأکید بر اینکه بدون هیچ تردیدی به رابطه با چین به عنوان یک رابطه استراتژیک نگاه می کنیم، اظهار داشت: منتظر هستیم که به زودی رئیس جمهور چین به ایران سفر کند. \r\n\r\n وی با بیان اینکه بنده چندین بار به کشور چین سفر کرده ام، تصریح کرد: در کنگره آوریل که مربوط به جاده ابریشم است نیز دعوت شده ام که به این کشور بروم. \r\n\r\n انتهای پیام/
3,درخواست حزبی وزارت کشور از معاون اول \r\n رئیس مرکز مطالعات راهبردی و آموزش وزارت کشور از درخواست وزارت کشور از معاون اول رئیس جمهور برای بررسی خارج از نوبت لایحه احزاب در دولت خبر داد. \r\n\r\n اصغر افتخاری رئیس مرکز مطالعات راهبردی و آموزش وزارت کشور در گفت وگو با تسنیم، درباره آخرین وضعیت لایحه قانون احزاب در دولت اظهار داشت: پیشنهادات احزاب اصلاح طلب و اصولگرا و همچنین وزارت کشور که در گذشته تدوین شده بود، در حال حاضر برای بررسی و تصویب به هیئت دولت ارسال شده است. \r\n\r\n وی با اشاره به ارسال نامه به جهانگیری در خصوص بررسی خارج از نوبت لایحه احزاب گفت: از آقای جهانگیری معاون اول رئیس جمهور درخواست کرده ایم که این لایحه خارج از نوبت در هیئت دولت بررسی شود و این درخواست را اخیراً در قالب نامه ای به وی ارسال کرده ایم. \r\n\r\n رئیس مرکز مطالعات راهبردی و آموزش وزارت کشور در پایان اظهار امیدواری کرد که اگر کارهای دولت متراکم نباشد، می تواند این لایحه را تا پایان سال بررسی کند. \r\n\r\n به گزارش تسنیم، پیش از این امیر خجسته رئیس کمیسیون شوراهای مجلس شورای اسلامی با اشاره به بررسی طرح اصلاح قانون احزاب در مجلس، از نهایی شدن طرح مذکور در کمیته بررسی این طرح در مجلس خبر داده بود. این درحالی است که لایحه احزاب که قرار است با طرح مجلس ادغام شود هنوز در هیئت دولت در نوبت رسیدگی قرار دارد و حسینعلی امیری قائم مقام وزیر کشور در گفت وگو با خبرنگار حوزه احزاب خبرگزاری تسنیم، درباره آخرین وضعیت بررسی لایحه قانون احزاب در هیئت دولت گفته که ما لایحه قانون احزاب را مدت ها است که برای بررسی در هیئت دولت، ارسال کرده ایم و بررسی آن در دولت بستگی به این موضوع دارد که چه زمانی در دستور کار کمیسیون های دولت قرار گیرد.
3,9 دی روز تجدید بیعت با رهبر معظم انقلاب است \r\n به گزارش خبرگزاری فارس از بردسکن، حجت الاسلام ابراهیم معادی عصر امروز در جمع پرشور مردم بردسکن که با حضور امام جمعه، سرپرست فرمانداری بردسکن و دیگر مسئولان شهرستان در محل مسجد جامع شهرستان بردسکن برگزار شد، اظهار کرد: حادثه نهم دی با حضور پرخروش مردم، چهره نفاق را معرفی کرد. \r\n\r\n رئیس شورای سیاست گذاری ائمه جمعه استان خراسان رضوی با بیان اینکه 9 دی روز بصیرت است، افزود: مردم با حضور خود در روز نهم دی سال 88 به غائله فتنه گران خاتمه دادند و بر تمام تردیدها و فتنه ها خط ابطال کشیدند و این روز در تاریخ ماندگار شد. \r\n\r\n وی اظهار داشت: مردم غیرتمند ما همواره با هوشیاری و آگاهی در صحنه هایی که نظام به حضور آنان نیازمند بوده است حاضر شده اند و در این راه با تمام قوا در برابر شمنان ایستاده اند. \r\n\r\n حجت الاسلام معادی گفت: تجدید بیعت با ولایت و اعلام بیزاری از فتنه گران یکی از پیام های حادثه 9 دی بود. \r\n\r\n وی آحاد ملت را به اطاعت از فرمان رهبر معظم انقلاب سفارش کرد و افزود: برای در امان بودن از فتنه های بزرگتر تمکین به ولایت و امامت تنها راه ممکن است. \r\n\r\n رئیس شورای سیاست گذاری ائمه جمعه استان خراسان رضوی اظهار داشت: یوم الله 9 دی برای نظام و انقلاب مصونیت ایجاد کرد و کمر دشمن را شکست. \r\n\r\n انتهای پیام/3138
3,سفر وزیر خارجه ترکیه به تهران \r\n به منظور شرکت در بیست و یکمین نشست وزیران خارجه کشورهای عضو سازمان همکاری اقتصادی (اکو) احمد داوود اوغلو، وزیر خارجه ترکیه 5 آذرماه (26 نوامبر) به تهران سفر می کند.هم چنین وزیر امورخارجه ترکیه در این سفر با محمد جواد ظریف، همتای ایرانی اش درباره روابط دوجانبه و مسایل منطقه ای به خصوص سوریه دیدار و گفت و گو می کند.در این دیدار زمان دقیق سفر رجب طیب اردوغان، نخست وزیر این کشور به ایران و سفر حسن روحانی، رییس جمهور کشورمان به ترکیه که به هنگام حضور داوود اوغلو در مراسم تحلیف ریاست جمهوری توافق شده بود، مورد گفت و گو قرار می گیرد.بیست و یکمین نشست وزیران خارجه کشورهای عضو اکو 3 الی 5 آذرماه در تهران برگزار می شود.ایران، پاکستان، ترکیه، افغانستان، آذربایجان، قزاقستان، ترکمنستان، قرقیزستان، ازبکستان و تاجیکستان عضو سازمان همکاری اقتصادی (اکو) هستند.
3,برگزاری انتخابات مجلس و خبرگان رهبری در 7 اسفند \r\n سخنگوی شورای نگهبان، گفت: هفتم اسفند ماه سال آینده به عنوان روز انتخابات مجلس دهم و مجلس خبرگان رهبری از سوی شورای نگهبان تعیین شد. به گزارش روابط عمومی شورای نگهبان، نجات الله ابراهیمیان با اشاره به ارسال نامه وزارت کشور به این شورا جهت تعیین روز انتخابات مجلس شورای اسلامی و مجلس خبرگان رهبری، اظهار کرد: چند روز قبل نامه وزارت کشور مبنی بر پیشنهاد روز برگزاری انتخابات مجلس دهم به شورای نگهبان رسید که دو تاریخ مجزا در این نامه به عنوان روز برگزاری انتخابات پیشنهاد شده بود. وی ادامه داد: اعضای شورای نگهبان با بررسی همه جوانب، نسبت به بررسی این دو تاریخ، اقدام و روز هفتم اسفند ماه سال آینده را به عنوان روز برگزاری انتخابات مجلس شورای اسلامی و مجلس خبرگان رهبری تعیین کردند. سخنگوی شورای نگهبان تصریح کرد: این تصمیم شورای نگهبان به وزارت کشور اعلام شده است.
3,نشست اصلاح طلبان خراسان شمالی برگزار می شود \r\n به گزارش خبرگزاری فارس از بجنورد، نشست اصلاح طلبان با حضور سیدرضا نوروززاده و حسین آفریده از اصلاح طلبان استان این هفته برگزار خواهد شد. \r\n\r\n این دومین نشست رسمی اصلاح طلبان استان برای انتخابات دهم مجلس شورای اسلامی طی امسال است. \r\n\r\n البته در ماه های گذشته نشست های محفلی در این زمینه از سوی اصلاح طلبان خراسان شمالی برگزار شده بود. \r\n\r\n اکنون چند چهره اصلاح طلب در استان برای انتخابات مجلس شورای اسلامی مطرح هستند که برخی از آنان از کارکنان وزارت کشور بوده و اکنون دارای مسئولیت های مختلفی در استانداری هستند. \r\n\r\n براساس دستورالعمل وزیر کشور کارکنان این وزارتخانه باید تا قبل از اسفند ماه امسال استعفای خود را برای حضور در انتخابات اسفند 94 مجلس شورای اسلامی ارائه کنند. \r\n\r\n همچنین چند نماینده ادوار مجلس شورای اسلامی در خراسان شمالی خود را برای حضور در این انتخابات آماده می کنند. \r\n\r\n استان خراسان شمالی هم اکنون دارای چهار کرسی در مجلس شورای اسلامی بوده و شهرستان فاروج در خراسان شمالی و قوچان در خراسان رضوی به طور مشترک یک نماینده دارند. \r\n\r\n همچنین از سوی کمیسیون شوراهای اسلامی مجلس مقرر بود تا برای حوزه انتخابیه بجنورد و راز و جرگلان برای انتخابات دوره بعد مجلس به طور مشترک دو نماینده و شهرستان های مانه و سملقان، جاجرم و گرمه به طور مشترک یک نماینده داشته باشند که تاکنون این مهم نهایی نشده است. \r\n\r\n براساس قانون باید تعداد نمایندگان دهمین دوره مجلس شورای اسلامی به 310 نفر یا بیشتر افزایش یابد، چرا که باید در انتخابات مجلس شورای اسلامی (1390-91)، 20 نفر افزوده می شد که در آن دوره، لایحه افزودن 20 نماینده به تعداد نمایندگان فعلی از طرف دولت به مجلس هشتم، ارائه نشد، به همین خاطر باید این دوره، تعداد نمایندگان 20 نفر افزایش یابد. \r\n\r\n
3,تیم مذاکره کننده هسته ای در راه تهران \r\n به گزارش خبرگزاری موج، محمد جواد ظریف، وزیر امور خارجه کشورمان که در رأس تیم مذاکره کننده هسته ای از روز جمعه به منظور شرکت در اجلاس امنیتی مونیخ به آلمان سفر کرده بود، امشب در پایان سفر سه روزه به ایران باز می گردد. \r\n ظریف در مونیخ علاوه بر دیدار با برخی وزرای خارجه 1+5 با وزیر امور خارجه عراق، نخست وزیر لبنان، رئیس آژانس بین المللی انرژی اتمی، مسئول سیاست خارجی اتحادیه اروپا و رئیس جمهور اسلوونی دیدار و گفتگو داشت.
3,رییس جمهور اسلوونی: علاقمندم به ایران سفر کنم \r\n وزیر خارجه کشورمان در حاشیه کنفرانس مونیخ با رییس جمهوری اسلوونی دیدار کرد. \r\n\r\n به گزارش گروه سیاسی خبرگزاری برنا، رییس جمهور اسلوونی در دیدار با وزیر امور خارجه کشورمان گفت: ایران نقش بسیار برجسته ای با توجه به جایگاه و قدرت آن در حل و فصل بحران های منطقه یی دارد. \r\n\r\n رییس جمهوری اسلوونی گفت: علاقه مند به سفر به تهران است و بر اساس دعوتی که از سوی دکتر روحانی شده است در اولین فرصت و زمان مناسب به ایران سفر خواهد کرد. \r\n\r\n وی ابراز امیدواری کرد که در اسرع وقت موضوع هسته ای ایران حل شود و این امر بسیار مهم و آثار مثبت خواهد داشت.
3,تفرقه سم مهلک اصلاح طلبان واعتدالیون است \r\n گروه سیاسی-رسانه ها: صادق زیباکلام استاد دانشگاه تهران در یادداشتی در روزنامه آرمان نوشت: در روزهای اخیر خبری مبنی بر برگزاری انتخابات مجلس شورای اسلامی در تاریخ 7 اسفند 94 بر روی درگاه خبری خبرگزاری ها قرار گرفت. با توجه به فاصله زمانی یکساله تا انتخابات آتی مجلس شورای اسلامی باید گفت شمارشی معکوس برای افراد و جریانات سیاسی مختلف برای حضور، شرکت و پیروزی در انتخابات آغاز شده است. جریان فعال و پویای اصلاح طلبی نیز این روزها در پی تدارک برای حضوری گسترده و جامع در انتخابات است. جریانی که همیشه صندوق رای را به عنوان نمود اراده ملت محترم و مغتنم شمرده و تلاش داشته است تا در صحنه انتخابات حضور موثر داشته باشد اما به هر حال اکنون و با توجه به فاصله زمانی یکساله باقیمانده تا انتخابات مجلس دهم شورای اسلامی که اهمیت زیادی نیز برای جریانات سیاسی خواهد داشت اصلاح طلبان باید بدانند که هم در این مسیر با چالشهایی روبه رو هستند و هم اینکه باید سیاستهای دقیقی را نیز اتخاذ نمایند. \r\n\r\n به هر حال چیزی که مسلم است اینکه اصولگرایان تصمیم دارند به هر نحو که شده است و با بهانه های مختلف شخصیتها و چهره های اصلاح طلب را از ورود به عرصه انتخابات دلسرد کنند. اما باید گفت در این خصوص اصلاح طلبان باید پیگیر و مصمم باشند تا امکان رخ دادن چنین اتفاق یا بازی سیاسی را به حداقل رسانده و در چارچوب قانون، پیگیر حقوق خود باشند. این مسئله را اصلاح طلبان باید در مطبوعات و رسانه های خود منعکس کرده و به عنوان یک خواست اجتماعی باید طرفداران دولت، اصلاح طلبان و همچنین جریانات میانه رو در دستور کار خود قرار دهند. اما این نکته را اگر وجه بیرونی کار اصلاح طلبان و جناح میانه رو تلقی کنیم در درون و به عنوان کارویژه درونی اصلاح طلبان باید تلاش بسیار زیادی در این جهت داشته باشند که در میان خود حداکثر وحدت و همدلی را ایجاد کنند. \r\n\r\n طرفداران جریان اصلاحات و طرفداران دولت یازدهم تقریبا هر دو از یک قبیله اند و باید تلاش کنند تا در میانشان دوگانگی و تفرقه پدید نیاید و بتوانند اگر نگوییم در همه حوزه ها لااقل در بسیاری از حوزه ها لیست مشترک انتخاباتی ارائه دهند؛ لیست مشترکی در تهران، در کلانشهرها و در سایر حوزه ها. چرا که رمز پیروزی در انتخابات پیش روی مجلس برای اصلاح طلبان چیزی جز وحدت، همدلی و یکپارچگی نمی تواند باشد و در غیر این صورت اگر تفرقه ای یا اختلافی مثلا در خصوص طرفداری جریانات اصلاح طلبی از لیست های مختلف به وجود آید نتیجه ای جز شکست و ناکامی همانطور که در دوره های سابق مجلس پیش آمد، نخواهد داشت. بنابراین وحدت و انسجام در میان همه نیروهای جریان اصلاح طلب و تلاش برای دستیابی به لیستی واحد و مشترک میان همه جریانات اصلاح طلب و حامی دولت از اوجب واجبات بوده و اگر اصلاح طلبان بتوانند به نحو احسن این امر را محقق سازند به یقین می توان گفت که در انتخابات اسفند 94 حداقل دو سوم کرسی های مجلس شورای اسلامی در اختیار اصلاح طلبان و حامیان منش و روش اعتدالی قرار خواهد گرفت.تفرقه و انشقاق سم مهلک برای اصلاح طلبان و اعتدالیون است مراقب باشیم در این دام نیفتیم.
3,رییس جمهور بلاروس به تهران می آید \r\n به گزارش خبرنگار بین الملل خبرگزاری موج، محمدجواد ظریف در دبدار همتای بلاروسی خود گفت تهران خواستار گسترش همکاری با مینسک است. \r\n وی با اشاره به تفاهم و مشارکت متقابلی دو کشور در زمینه بین المللی گفت: امیدواریم سفر رئیس جمهور بلاروس به ایران به زودی انجام شود. این سفر زمینه مناسبی برای تقویت روابط دو کشور فراهم خواهد کرد. \r\n وزیر امور خارجه ایران تصریح کرد: تهران و مینسک روابط تجاری و اقتصادی بسیار خوبی دارند؛ روابطی که ظرفیت گسترش آن نامحدود است. \r\n وزیر امور خارجه بلاروس نیز با تاکید بر لزوم تقویت همکاری های دو کشور گفت: وظیفه ما اتخاذ تدابیری برای تقویت همکاری های تجاری و اقتصادی است. وی افزود این روابط اقتصادی باید مطابق با سطح همکاری های سیاسی دو کشور باشد.
3,آمریکا بار دیگر به اتباع خود نسبت به سفر به ایران هشدار داد/متهم کردن تهران به سرکوب اقلیت ها \r\n به گزارش گروه بین الملل خبرگزاری فارس ، آمریکا روز جمعه با صدور بیانیه ای بار دیگر نسبت به اتباع خود نسبت به سفر به ایران هشدار داده و مدعی ناامنی در برخی از مناطق مرزی ایران شد. \r\n\r\n در بخشی از بیانیه وزارت خارجه آمریکا که نسخه اولیه آن روز 22 می 2014 (1 خرداد 1393) صادر و دیروز تجدید شد، آمده است: وزارت خارجه به شهروندان ایالات متحده هشدار می دهد که به دقت ریسک های سفر به ایران را مد نظر قرار دهند. احتمال دارد افراد با تابعیت دوگانه ایرانی-آمریکایی برای خروج از ایران با دشواری مواجه شوند. \r\n\r\n این بیانیه می افزاید: برخی عناصر در ایران همچنان با ایالات متحده خصومت دارند. در نتیجه، احتمال دارد شهروندان ایالات متحده در صورت سفر به ایران یا اقامت در این کشور، در معرض آزار یا بازداشت قرار گیرند. \r\n\r\n وزارت خارجه آمریکا همچنین در این بیانیه ایران را به بازداشت غیرمنصفانه افراد با تابعیت دوگانه که برای مقاصد حرفه ای یا شخصی به ایران سفر کرده اند، متهم شده و نوشته است: شهروندان ایالات متحده با اصلیت ایرانی، باید پیش از برنامه ریزی برای سفر به ایران، ریسک این را که از سوی مقامات هدف قرار گیرند، مد نظر گیرند. \r\n\r\n واشنگتن همچنین در ادامه این بیانیه مغرضانه، مدعی شده است: دولت ایران همچنان به سرکوب برخی اقلیت های مذهبی و قومی نظیر مسیحیان، بهایی ها، اعراب، کردها، آذری ها و دیگران ادامه می دهد. در نتیجه، برخی مناطق داخل کشور که این اقلیت ها زندگی می کنند، شامل مرز بلوچستان در نزدیکی پاکستان و افغانستان، منطقه کردنشین شمال غربی و مناطق نزدیک به مرز عراق، ناامن مانده است. \r\n\r\n جان کری وزیر خارجه آمریکا هم روز پنج شنبه در کنفرانس خبری در صوفیه پایتخت بلغارستان، بار دیگر مسئله خبرنگار روزنامه واشنگتن پست را مطرح و خواستار آزادی وی شده بود. این در حالی است که ایران تصریح کرده است که افراد بازداشتی در ایران، اقداماتی فراتر از آنچه به صورت رسمی اعلام شده بود، انجام داده اند. \r\n\r\n با این حال، مقامات آمریکایی که پیشتر هم اعلام کرده اند حتی در صورت حل مسئله هسته ای، فشارها در رابطه با حقوق بشر ادامه می یابد. مری هارف سخنگوی وزارت خارجه آمریکا روز پنج شنبه گفت کری در دیدار اخیرش با همتای ایرانی خود، مسئله خبرنگار بازداشتی را مطرح کرده است. به گفته وی، این مسئله همزمان با پرونده هسته ای، پیگیری می شود. \r\n\r\n انتهای پیام/ق
3,مصوبه اخیر مجمع تشخیص درباره عدم ورود نظامیان به انتخابات امر ویژه ای نیست \r\n به گزارش شریان ، سردار احمد وحیدی وزیر سابق دفاع و عضو مجمع تشخیص مصلحت نظام عصر امروز در حاشیه مراسم ختم والده محمود احمدی نژاد در جمع خبرنگاران در مورد بند هفتم مصوبه مجمع تشخیص مصلحت نظام در رابطه با عدم ورود نظامیان به انتخابات، گفت: این امر ویژه ای نیست و قرار است هیچ دستگاهی اعم از لشگری و کشوری در انتخابات دخالت جانبدارانه ای نداشته باشند. \r\n\r\n وی افزود: البته این مصوبات مراحل دارد و تا قبل از ابلاغ مقام معظم رهبری قابل اجرا نیست. \r\n /تسنیم
3,حضور روحانی به عنوان رئیس جمهور در مجمع تشخیص مصلحت نظام \r\n حسن روحانی رئیس جمهور اسلامی ایران برای اولین بار در کسوت ریاست جمهوری در جلسه مجمع تشخیص مصلحت نظام به ریاست آیت الله هاشمی رفسنجانی حضور یافت.پیش از این روحانی به عنوان عضو حقیقی در جلسات مجمع شرکت می کرد.اولین جلسه مجمع تشخیص مصلحت نظام پس از ماه مبارک رمضان صبح امروز در ساختمان قدس این مجمع برگزار شد.
3,درباره طرح افزایش اختیارات وزیر دادگستری با شورای نگهبان هم نظریم \r\n به گزارش خبرنگار سیاسی خبرگزاری فارس ، آیت الله گرکانی رئیس دیوان عالی کشور در حاشیه مراسم چهلمین روز درگذشت آیت الله مهدوی کنی در جمع خبرنگاران درباره طرح افزایش اختیارات وزیر دادگستری گفت: نظر ما همان چیزی است که شورای نگهبان اعلام و طرح پیشنهادی مجلس را رد کرد. \r\n\r\n وی در پاسخ به این سؤال که احتمال بررسی این طرح در مجمع تشخیص مصلحت نظام با اصرار نمایندگان وجود دارد، گفت: اگر این طرح به مجمع تشخیص مصلحت برود قطعاً در آنجا تکلیفش مشخص می شود و اگر قانون مجوز عملیاتی شدن این طرح را بدهد ما نیز آن را می پذیریم حتی اگر میل باطنی ما چیز دیگری باشد. \r\n\r\n انتهای پیام/
3,تذکر شورای عالی انقلاب فرهنگی به وزیر علوم برای سرعت بخشیدن به انتخاب ریاست دانشگاه ها/ مشکلات تأخیر در اعلام رئیس دانشگاه تهران \r\n به گزارش خبرنگار گروه دانشگاه خبرگزاری فارس ، منصور کبگانیان عضو شورای عالی انقلاب فرهنگی در جمع خبرنگاران در رابطه با تأخیر در انتصاب رئیس دانشگاه تهران گفت: در چند وقت اخیر شورای عالی انقلاب فرهنگی تعطیلی هایی را داشته است و به همین دلیل اطلاع دقیقی از ریاست دانشگاه ها نداریم ولی امیدواریم در جلسه هفته آینده شورا این مسئله مطرح شود تا دانشگاه تهران از رکودی که در آن قرار گرفته است خارج شود. \r\n\r\n وی افزود: شورای عالی انقلاب فرهنگی برای انتخاب سریع تر ریاست دانشگاه ها به وزیر علوم تذکر داده و وی نیز قول داده تا سریع تر دانشگاه ها را از این بن بست خارج کند زیرا برخی از سرپرست های دانشگاه ها مدت زیادی به عنوان سرپرست بوده اند و برخی از سرپرست ها نیز براساس هماهنگی با شورای عالی انقلاب فرهنگی قرار بود تغییر کنند. \r\n\r\n کبگانیان ادامه داد: باید افرادی معرفی شوند که مورد توافق وزارت علوم، بهداشت و شورای عالی انقلاب فرهنگی باشند و به طور کلی مسیر انتخاب رؤسای دانشگاه ها به این صورت است که پیش از رأی گیری در رابطه با تأیید سرپرست یک دانشگاه یک جمع بندی کلی از نظرات اعضا صورت می گیرد تا در رأی گیری نتیجه مناسب به دست آید ولی در برخی موارد این جمع بندی مناسب نبود و قرار شد افراد دیگری اعلام شود. \r\n\r\n عضو شورای عالی انقلاب فرهنگی گفت: در مورد دانشگاه تهران و معدود دانشگاه های دیگر نیز باید روند انتخاب رئیس دانشگاه در چارچوب توافق طرفین باشد و در حال حاضر نیز شورای عالی انقلاب فرهنگی منتظر اقدام وزارت علوم در چارچوب رویه ها است. \r\n\r\n وی اظهار داشت: در شورای عالی انقلاب فرهنگی آیین نامه های مدیریتی براساس تجربیات بسیار تدوین شده و اگر قرار است یک وزیر آیین نامه ها را تغییر دهد باید اصلاحاتی را ارائه کند که مورد تصویب اعضای شورا قرار گیرد. \r\n\r\n کبگانیان افزود: مشکل دانشگاه تهران در تأخیر انتخاب رئیس دانشگاه نیز رویه ها و آیین نامه ها بود. \r\n
3,مقام معظم رهبری در فتنه 88 پای رأی مردم ایستادند \r\n عضو مجمع تشخیص مصلحت نظام گفت: مقام معظم رهبری در فتنه 88 پای رای مردم ایستادند \r\n تا تقدس رای مردم حفظ شده و شالوده نظام سست نشود.به گزارش گروه سیاسی خبرگزاری میزان، سید مصطفی میرسلیم در اجلاس سراسری دبیران استان ها و شهرستانهای حزب موتلفه اسلامی با اشاره به هنر حزبی بودن اظهارکرد: مقام معظم رهبری در کرمانشاه جایگاهی که حزب در جمهوری اسلامی باید به عنوان مردمسالاری اسلامی داشته باشد را مطرح کردند و در حال حاضر مجمع تشخیص مصلحت نظام به دنبال سیاست های کلی انتخابات است زیرا از اهمیت بسیاری برخوردار بوده و سرنوشت سیاسی جمهوری اسلامی به آن وابسته است.وی در ادامه با اشاره به رفتار سیاسی مقام معظم رهبری در سال 88 گفت: مقام معظم رهبری در فتنه 88 پای رای مردم ایستادند تا تقدس رای مردم حفظ شده و شالوده نظام سست نشود و در واقع نظر مقام معظم رهبری این بود که باید به رای اکثریت احترام گذاشت.میرسلیم تاکید کرد: نباید نظر خود را به دیگران القا کرد بلکه باید برای نظر و رای دیگران احترام قائل بود.
3,احمدی نژاد با مجمع تشخیص آشتی کرد!؟ \r\n فارس: محمود احمدی نژاد رییس جمهور اسلامی کشورمان پس از چند سال در جلسه مجمع تشخیص مصلحت نظام شرکت کرد. آخرین باری که محمود احمدی نژاد رئیس جمهور در جلسات مجمع تشخیص مصلحت نظام شرکت کرد به اوایل سال 1388 برمی گردد. پس از آن بویژه پس از انتخابات ریاست جمهوری دوره دهم، محمود احمدی نژاد که به لحاظ جایگاه ریاست جمهوری یکی از اعضای حقوقی و ثابت مجمع تشخیص مصلحت نظام است در تمام جلسات این مجمع غایب بود.محمود احمدی نژاد به موجب حکم رهبر معظم انقلاب و به لحاظ جایگاه حقوقی خود یعنی ریاست جمهوری به عنوان عضو مجمع تشخیص مصلحت نظام معین شده است و ادای این مسئولیت از وظایف محمود احمدی نژاد و نیز سایر اعضای مجمع تشخیص مصلحت نظام است.
3,بررسی سیاست های کلی انتخابات قطعه تاریخی مجمع تشخیص است/ ماموریت ویژه رئیس مجمع به ولایتی \r\n به گزارش حوزه احزاب خبرگزاری فارس ، آیت الله هاشمی رفسنجانی در ابتدای جلسه صبح امروز مجمع تشخیص مصلحت نظام، با تشکر از رهبری معظم انقلاب به خاطر ارجاع پیش نویس سیاست های کلی انتخابات، این مسئولیت را قطعه ای تاریخی مهم برای مجمع ذکر کرد و گفت: اینکه رهبری معظم به این مرحله رسیده اند که روند جاری انتخابات باید مورد اصلاح و بازنگری قرار گیرد مسئولیت بزرگی بر عهده مجمع تشخیص مصلحت نظام قرار گرفته که امیدوارم با سعه صدر، جامع نگری و کار کارشناسی، قانونی جامع، ماندگار و مفید برای آینده کشور در مجمع تدوین شود تا مورد افتخار نظام مردم سالاری دینی و قضاوت خوب و مثبت همه آحاد مردم قرار گیرد. \r\n\r\n رئیس مجمع تشخیص مصلحت نظام جمله رهبری معظم انقلاب به عنوان مجتهدی صالح، آگاه و بصیر به امور قبل و بعد از انقلاب اسلامی مبنی بر اینکه: رأی مردم حق الناس است را جمله ای تاریخی و برگرفته از اصول مسلم دینی و قرآنی ذکر کرد و افزود: پس از این سخنان حکیمانه رهبری، متأسفانه توسط اشخاص، مبلغین، دستگاه های ارتباطی و تبلیغاتی حتی صداو سیما زیاد به ابعاد جامع این جمله پرداخته نشد و اگر این رهنمود رهبری به طور کامل در مقدمات انتخابات، حین برگزاری و مراحل پس از آن توسط کاندیداها، مجریان و ناظران انتخابات مورد توجه قرار گیرد، هیچ حقی از رأی مردم ضایع نمی شود. \r\n\r\n وی افزود: مبنای دمکراسی دینی در کشور پیاده کردن این فرمان رهبری است و باید نمونه ای از دمکراسی براساس مکتب اهل بیت(ع) در جامعه تثبیت شود که موجب افتخار کشور در داخل و دنیا خواهد بود. \r\n\r\n هاشمی رفسنجانی خطاب به اعضای مجمع تشخیص مصلحت نظام خاطرنشان ساخت: باید به طور جدی و فعال و با سعه صدر و به دور از مسائل سیاسی و جناحی، مقررات و قانون سیاسی جامعی برای انتخابات در مجمع شکل بگیرد که ضابطه مند، جامع و فراگیر باشد. \r\n\r\n وی تأکید کرد: حفظ آبرو و حیثیت و پرهیز از تهمت و دروغ نسبت به مؤمن و مؤمنین در اسلام مورد احترام و سفارش خاص قرار گرفته است که متأسفانه این موضوع در بسیاری از موارد جرم محسوب نشده که باید برای جلوگیری از ترویج این گونه مسائل ضدفرهنگی و اخلاقی فکری کرد. \r\n\r\n رئیس مجمع تشخیص مصلحت نظام با توجه به ضرورت مطالعه جامع قانون انتخابات در سایر کشورهای جهان و بهره گیری از تجارب دیگران، از آقای دکتر ولایتی و مرکز تحقیقات استراتژیک مجمع خواست تا نسبت به مطالعه دقیق کارشناسانه در قانون انتخابات دنیا به منظور ارائه پیشنهادات جامع در این خصوص، اعضای مجمع را در تدوین قانون جامع انتخابات کمک و یاری کنند. \r\n\r\n به گزارش فارس، پیشنهاد و بازنگری و اصلاح قانون انتخابات در اردیبهشت ماه سال 1387 توسط وزیر وقت کشور خدمت مقام معظم رهبری تقدیم شد. در بخشی از این نامه آمده است: ادامه روند فعلی انتخابات، متناسب با شاکله نظام جمهوری اسلامی ایران و تراز شهروندان عزیز و سرفراز نیست و از طرفی همه ظرفیت ها و امکانات مادی و معنوی آماده تحویل می باشد، لذا از باب ضرورت برای حل بسیاری از معضلات در حوزه انتخابات که حکم هوا برای فضای سیاسی کشور را دارد، مهمترین محورها را جهت بازنگری و اتخاذ تصمیمات راهبردی، تقدیم می دارم. \r\n\r\n انتهای پیام/
3,"شورای نگهبان: اکبرگنجی با ما همکاری نداشت \r\n فارس: در جوابیه اداره کل روابط عمومی شورای نگهبان آمده است: فردی که مصاحبه شونده، او را با اکبر گنجی اشتباه گرفته است، ""حسن گنجی"" بوده که اکنون نیز در داخل کشور می باشد و اکبر گنجی سابقه هیچگونه همکاری با شورای نگهبان نداشته است و همکاری اکبر گنجی با شورای نگهبان، کذب محض است. \r\n\r\n جای تأمل است که افرادی با ادعای سوابق سیاسی، این گونه اشتباهات فاحش را مرتکب می شوند، مگر آنکه نیات سیاسی خاصی را دنبال نمایند. \r\n\r\n گفتنی است موسوی لاری اخیرا در گفت و گو با یک هفته نامه مدعی شده بود که اکبر گنجی با شورای نگهبان همکاری داشته است."
3,دکتر ابراهیمیان در واکنش به اظهارات مداخله جویانه نایب رئیس مجلس آلمان مطرح کرد شورای نگهبان در بررسی صلاحیت ها سلیقه ای عمل نمی کند \r\n سخنگوی شورای نگهبان گفت: در ایران هم شرایط انتخاب شوندگان و هم اختیارات شورای نگهبان در بررسی صلاحیت افراد را قانون معین کرده است لذا شورای نگهبان اختیاری بیش از آنچه که قانون مشخص کرده، ندارد. \r\n\r\n سخنگوی شورای نگهبان گفت: قاعده کلی این است که شورای نگهبان بر اساس عملکرد هر فرد شرایط را در مورد او در موسم انتخابات و با رعایت آیین ویژه رسیدگی مورد ارزیابی قرار داده و اعلام نظر می کند. \r\n\r\n نشست خبری دکتر ابراهیمیان سخنگوی شورای نگهبان، روز شنبه سیزدهم دیماه 1393 با حضور اصحاب رسانه برگزار شد. \r\n\r\n نشست خبری دکتر ابراهیمیان سخنگوی شورای نگهبان، روز شنبه 13 دی ماه با حضور اصحاب رسانه برگزار می شود. \r\n\r\n سخنگوی شورای نگهبان در گفت و گوی تفصیلی با ایرنا توصیه کرد هیچ کدام از گروه های سیاسی از شورای نگهبان برای تقویت مواضع سیاسی خودشان مایه نگذارند، شورای نگهبان جز قانون و فرمایشات رهبر معظم انقلاب اسلامی ملاک دیگری ندارد. \r\n\r\n سخنگوی شورای نگهبان با تأکید بر اینکه پس از فتنه سال 88 برداشت جدیدی از قانون در زمینه تأیید صلاحیت ها در شورای نگهبان رخ نداده است، گفت: خط قرمز شورا اشخاصی هستند که کشور را به سمت بحران های خطرناک سوق دادند. \r\n\r\n سخنگوی شورای نگهبان گفت: بحث التزام و اعتقاد به مبانی نظام جمهوری اسلامی ایران، مسائلی نیست که قابل رسیدگی در محاکم دادگستری باشند. این جزء مسائلی است که اولین و آخرین داور آنها شورای نگهبان است. \r\n\r\n ابراهیمیان گفت: شورای نگهبان نمی تواند از قبل نسبت به صلاحیت افراد و احزاب پیش داوری کند چرا که این شورا برای اعطای مناصب و صلاحیت ها، خطوط قرمز دارد.
3,دست های پلید آمریکا و اسرائیل با هماهنگی فرانسه برای ضربه زدن به اسلام علم شده است \r\n به گزارش خبرگزاری فارس از ساری، حجت الاسلام محمداسماعیل زارعی جمعه شب در همایش بین المللی پیام های انقلاب اسلامی در دهکده جهانی مقاومت در روستای کیاپی شهرستان میاندورود که با حضور مهمانان خارجی برگزر شد،اظهار داشت: اعدام سلمان رشدی لبیک به ندای امام خمینی (ره) است. \r\n\r\n وی با تقدیر از حجت الاسلام سید حمید روحانی حضور موسس مرکز انقلاب اسلامی در این مراسم تصریح کرد: این افراد عمارهای انقلاب هستند. \r\n\r\n دبیر همایش بررسی بین المللی پیام های انقلاب اسلامی با اشاره به استقبالی که از سوی میهمانان بین المللی از این مراسم صورت گرفت، اظهار داشت: مرحوم زارعی در سال 77 بخشی از زمین های خودش را برای اعدام سلمان رشدی اختصاص داد اما امروز همه املاکی که مرحوم زارعی برای اعدام سلمان رشدی اختصاص داد موجود است و ما هر روز دقیقه شماری می کنیم که این خبر را بشنویم و به اعدام کننده انقلابی این مرتد و هر انقلابی دیگر که این ملعون را به درک واصل کنند سند رسمی را تحویل دهیم. \r\n\r\n وی با تاکید بر اینکه به عنوان فرزند مرحوم زراعی هیچ وقت از پیام پدرمان عدول نمی کنیم، گفت: اگر دشمن در آن روزگار سلمان رشدی را بهانه ای برای به چالش کشیدن اسلام علم کرد، امروز دست های پلید آمریکا و اسرائیل و با هماهنگی فرانسه به پیامبر اهانت کردند. \r\n\r\n به گزارش فارس؛ در پایان این مراسم پرچم مزین به نام رسول الله در محل یادمان شهید مازح در روستای کیاپی برافراشته شد. \r\n\r\n انتهای پیام/86004/
3,مناقشه 1+5 یا مذاکره با آمریکا \r\n مناقشه هسته ای جمهوری اسلامی ایران و مباحث مطرح در مذاکرات 1+5 واقعیتی است در عرصه روابط بین الملل؛ و فرمول های سیاسی و دیپلماتیک شاید سخت و آسان آن، در هویت مذاکره کنندگان است که از سوی ایران اسلامی گفتمان دیپلماتیک می بایست بر مبنای تفکری انقلابی انجام شود اما؛ طرف مقابل فقط برای رسیدن به مقاصد خود گفتمان دیپلماتیک را جاری و ساری می داند؛ اگرچه هیچ پرهیزی از بیان سیاست های پشت پرده و پنهان خود نیز ندارد؛ بنابراین لازم است نکاتی را مدنظر قرار دهیم: \r\n 1 اگر ما بر اساس یک تفکر صرف دیپلماتیک، مذاکرات را با آمریکا و 1+5 ادامه دهیم چه به صورت نشسته و سر میز و در اتاق های دربسته و چه به صورت پیاده روی کنار رودخانه، می توان تا هرزمانی این مذاکرات را ادامه داد، اما؛ باید توجه داشت همه طرف ما آمریکا نیست و از فرصت های مختلف و متفاوت کشورها باید بهره جست. \r\n 2 رئیس جمهور آمریکا به صراحت اعلام می کند در پی اعمال فشار به جمهوری اسلامی است تا خواسته های خود را محقق کند. همچنین اعلام می کند ما منافع اسرائیل را در مذاکرات تأمین می کنیم . \r\n 3 رئیس جمهور آمریکا مایل است ما از تفکر انقلابی خود دست کشیده و نفوذ خود را در اثرگذاری منطقه ای کاهش دهیم و نهایتاً تابع تمایلات آمریکا شویم که به این ترتیب این روند، روند مذاکره نیست و طرف های ما نتوانسته اند بفهمند که مذاکره کنندگان ایرانی با حمایت های رهبر معظم انقلاب، هم علمای ماهر دیپلماتیک هستند وهم ارزش های انقلابی را در خود دارند. ازاین رو این نوع مذاکره علی رغم باب عربی خود، معامله نبوده و دوسویه هم نیست و تردیدی نیست که آن ها باید حقوق مردم ما را به رسمیت شناخته و از زیاده خواهی خود کوتاه بیایند که قاعدتاً این چنین نخواهد بود و همین نکته است که کار را دشوار می کند. \r\n ما رسانه ای ها امیدوار هستیم با بررسی و نمایاندن واقعیت های اروپا و آمریکا، به مردم خود و دنیا تفهیم کنیم که بسیاری از رفتارهای نامتوازن آمریکا نوعی فرافکنی است و نظام آمریکا و برخی کشورهای اروپایی و همچنین حامیان عربی آن ها به قدری دارای ضعف است که در صورت پردازش به آن ها عملاً اقتدار سیاسی طرف های مذاکره کننده ما و قدرت سیاسی آن ها کاهش می یابد. \r\n واقعیت این است که ما باید بپذیریم هرگز آمریکا دوستدار و دوست ما نخواهد بود و نخواهد شد و خوی دشمنی او همواره مستمر خواهد بود.
3,زیاده خواهی های غرب مانع به نتیجه رسیدن مذاکرات هسته ای شد \r\n محمد اسماعیلی امروز در گفت وگو با خبرنگار فارس در زنجان با بیان اینکه انتظار این بود که در مدت زمان تعیین شده مذاکرات هسته ای به نتیجه برسد، اظهار داشت: به نظر می رسد زیاده خواهی های طرف غربی مانع تحقق نتیجه در این مذاکرات شده است. \r\n\r\n وی با اشاره به اینکه مسئولان نظام مصلحت را در ادامه مذاکرات هسته ای دیده اند، ابراز امیدواری کرد، در مدت زمان تعیین شده اختلافات موجود در مذاکرات هسته ای به نتیجه مورد نظر رسیده و توافق انجام شود. \r\n\r\n نماینده مردم زنجان و طارم در مجلس شورای اسلامی با غیر قابل پیش بینی توصیف کردن نتیجه تمدید مذاکرات هسته ای تصریح کرد: طرف های مذاکره کننده تا حد امکان در صدد تحقق خواسته های خود هستند. \r\n\r\n این مسئول با تاکید بر تلاش طرف های غربی مذاکرات هسته ای مبنی بر عدم تحقق حق و حقوق ملت ایران در مذاکرات هسته ای ادامه داد: مطمئنا تیم مذاکره کننده ایرانی هم به هیچ وجه از حقوق هسته ای ملت ایران کوتاه نمی آیند. \r\n\r\n اسماعیلی تاکید کرد: ایران تا حد ممکن در مذاکرات هسته ای کوتاه آمده است و این بار نوبت طرف های غربی است که کوتاه آمده و در واقع حق و حقوق ملت ایران را به رسمیت بشناسد. \r\n\r\n ضرر طرف های غربی مذاکرات هسته ای در صورت عدم نتیجه بخش بودن آن \r\n\r\n وی با تاکید بر اینکه عدم نتیجه بخش بودن مذاکرات هسته ای به هیچ وجه به نفع کشورهای طرف مذاکره در مذاکرات هسته ای نیست، خاطر نشان کرد: اگر این مذاکرات به نتیجه نرسد آنها ضرر می کنند. \r\n\r\n عضو کمیسیون امنیت ملی مجلس شورای اسلامی به اراده موجود در کشورهای 1+5 برای توافق در مذاکرات هسته ای اشاره کرد و افزود: باید متوجه بود که آنها به دنبال تحقق اهداف خود هستند. \r\n\r\n این مسئول با بیان اینکه ایران در چارچوب خاصی با ادامه مذاکرات هسته ای موافقت کرده است، گفت: مسئولان به محض اینکه احساس کنند طرف مذاکره کننده زیاده خواهی کرده و بر از بین بردن حق و حقوق ملت ایران پا فشاری می کند بدون شک به مسیر خود ادامه می دهد. \r\n\r\n انتهای پیام/73004
3,اظهارات نبویان مبنی بر پرداختن به بحث موشکی در مذاکرات تکذیب شد \r\n به گزارش خبرگزاری مهر، یک عضو تیم مذاکره کننده هسته ای کشورمان اظهارات نبویان نماینده مجلس شورای اسلامی در مورد توافق تیم مذاکره کننده هسته ای برای پرداختن به بحث موشکی در مذاکرات را ناصحیح دانست. \r\n\r\n وی ضمن رد این اظهارنظر گفت: اینگونه سخنان در چار چوب موارد تهدید زای جدی برای امنیت ملی کشور تلقی می شود.
3,تیم مذاکره کننده هسته ای ایران فردا عازم استانبول می شود \r\n به گزارش خبرنگار بین الملل خبرگزاری موج، هیأت مذاکره کننده هسته ای ایران صبح فردا (پنجشنبه) راهی استانبول خواهد شد تا با نمایندگان اروپایی در ترکیه دیدار کند. \r\n بر اساس این گزارش، دور جدید مذاکرات هسته ای ایران و 1+5 با حضور معاونان وزیران خارجه ایران، انگلیس، فرانسه و آلمان فردا در استانبول برگزار می شود. \r\n در این دور از مذاکرات هسته ای، عباس عراقچی، معاون وزیر خارجی ایران سرپرستی تیم مذاکره کننده هسته ای ایران را تشکیل می دهد. \r\n از سوی تیم مذاکره کننده اروپا نیز هلگا اشمیت، معاون فدریکا موگرینی، مسوول سیاست خارجی اتحادیه اروپا نیز در این رایزنی ها حضور خواهد داشت.
3,روحانی سنج فیلتر شد \r\n این سایت که ظاهرا توسط ایرانیان خارج از کشور راه اندازی شده درصدد بررسی تحقق شعارهای روحانی در صدروز اول کاری اش است، فیلتر شده است.همزمان با آغاز روزهای کاری دولت تدبیر و امید، موسسه گفتگوی جهانی کانادا با همکاری دانشکده امور جهانی دانشگاه تورنتو و وزارت خارجه کانادا بخشی از سایت خود را برای بررسی عملکرد حجت الاسلام روحانی در 100 روز اول کاری وی اختصاص داد.در قسمت توضیحات این بخش از سایت که با عنوان گفتگوی جهانی برای آینده ایران به دو زبان فارسی و انگلیسی راه اندازی شده، آمده است: ما برآنیم تا در طول 100 روز نخست ریاست جمهوری حسن روحانی و پس از آن٬ بر نحوه اجرای وعده های وی نظارت و کیفیت پیگیری و تحقق آن ها را بازتاب دهیم.
3,حمایت قوه قضاییه از عزم دولت در مقابله با فساد \r\n رئیس قوه قضاییه نقطه آغاز حرکت منسجم و پیشگیرانه علیه فساد را دستگاه های اجرایی کشور دانست و گفت: قوه قضاییه از عزم و اراده دولت در مقابله با فساد و برخورد با بسترها و منشأ فسادهای اقتصادی حمایت می کند و خواهان افزایش نظارت های دولت در پیشگیری از وقوع جرایم اقتصادی است. \r\n\r\n به گزارش اداره کل روابط عمومی قوه قضاییه، آیت الله صادق آملی لاریجانی در جلسه مسوولان عالی قضایی با تأکید بر ضرورت انسجام و همدلی تمام قوا در برخورد با مفاسد بر نقش اساسی دولت در کاهش وقوع جرایم و از بین بردن بسترهای وقوع و دستیابی به رانت های اقتصادی تأکید کرد و افزود: دولت باید به صورت جدی بحث مبارزه با فساد را در دستور کار قرار دهد و این مبارزه از سخن و کلام به مرحله عمل برسد. در این صورت مسلماً قوه قضاییه نیز همان طور که پیش از این نیز در گفتار و عمل نشان داده حامی دولت در مبارزه با فساد خواهد بود. رئیس قوه قضاییه خواهان نظارت های همه جانبه دولتی در خصوص مشکلات موجود در نظام بانکی و منابع طبیعی و سایر زمینه های فسادخیز و بستن منافذ و بسترهای وقوع جرم و دستیابی به رانت های اقتصادی شد و با تأکید بر اینکه مهمترین راه افزایش اعتماد مردم به سرمایه گذاری و افزایش تولید داخلی، مقابله با فساد و افزایش نظارت ها است گفت: برخوردهای قاطع و پیشگیری بهترین راه اعتماد سازی برای تمام کسانی است که قصد خدمت و سرمایه گذاری در کشور را دارند. آملی لاریجانی با انتقاد از اعطای غیرقانونی برخی مجوزهای ساخت و ساز از جمله دادن مجوز احداث هتل در بستر یک رودخانه و مجوزهای غیر قانونی اقتصادی دیگر اظهار کرد: متأسفانه گاهی از طریق مجوزهای غیرقانونی و در غیبت نظارت های قانونی، ساخت و سازهایی انجام می شود و یا در برخی فعالیت های اقتصادی ناسالم پس از اینکه مشکلات ایجاد شد همه به سراغ قوه قضاییه می آیند که برخورد کند. البته دستگاه قضایی در چارچوب قانون همیشه به وظیفه خود عمل خواهد کرد اما این روند و رویه نامناسب باید اصلاح شود. رئیس قوه قضاییه کشور ایران را دارای منابع عظیم خدادادی و ثروت های مردمی دانست که در صورت اعتماد سازی برای مردم و ایجاد ساز و کارهای نظارتی مناسب می توان با اتکای به آن کشور را به پیش برد بدون آن که در این راه به بیگانگان و دشمنان نظام امیدوار بود. آملی لاریجانی در بخش دیگری از سخنان خود با اشاره به وقوع حادثه تروریستی اخیر در فرانسه، ضمن محکوم کردن این حادثه تروریستی خواستار دست کشیدن غرب از سیاست های دوگانه خود درباره مفاهیمی مانند حقوق بشر و تروریسم شد و گفت: سیاست های دوگانه در خصوص تروریسم جواب نمی دهد، اما متأسفانه غربی ها طوری برخورد می کنند که گویی در دنیا دو نوع تروریسم بد و خوب وجود دارد و برخی جنایات تروریستی خوب و برخی بد است در حالی که تروریسم در هر حالتی بد و جنایتکارانه است و باید صادقانه با آن برخورد کرد. رئیس دستگاه قضا اسلام هراسی را توطئه ای برنامه ریزی شده از سوی برخی کشورهای غربی و حامیان آنان از جمله رژیم صهیونیستی دانست و گفت: نگاهی عمیق تر به حادثه اخیر فرانسه و حوادث مشابه نشان می دهد که برخی کشورها به ویژه رژیم صهیونیستی در تمام دنیا به دنبال ضربه زدن به اسلام و گسترش اسلام هراسی هستند. آملی لاریجانی انجام جنایت های تروریستی به نام اسلام را در کنار گسترش و ترویج موج سکولاریسم در کشورهای اسلامی دو توطئه همزمان و برنامه ریزی شده غرب و رژیم صهیونیستی برای ضربه زدن به اسلام توصیف کرد.
3,برگزاری مجمع عمومی فوق العاده خانه احزاب تا پایان سال/ آغاز دعوت از 181 حزب برای مجمع عمومی \r\n ابوالقاسم رئوفیان عضو ادوار شورای مرکزی خانه احزاب در گفت وگو با خبرنگار حوزه احزاب خبرگزاری فارس ، به تشریح جزئیات دیدار امروز برخی از فعالان اصولگرا با معاونین وزیر کشور پرداخت و اظهار داشت: وزارت کشور اقدام مثبت و مؤثری را ترتیب داده تا گروه های مختلف را دعوت و نظر آنها را در باره نهاد صنفی خانه احزاب دریافت کند و برای این منظور از احزابی که در دوره های اول تا چهارم در خانه احزاب اعم از اصلاح طلب و اصولگرا فعال بودند دعوت می کند. \r\n\r\n عضو ادوار شورای مرکزی خانه احزاب بر همین اساس افزود: در جلسه امروز تعدادی از فعالان حزبی با گرایش های اصولگرایانه که در اداره خانه احزاب عضو شورای مرکزی بودند حضور داشتند و بحث های بسیار خوبی شکل گرفت که باید در این خصوص از دولت یازدهم و وزیر کشور تشکر کرد. \r\n\r\n وی با اشاره به دعوت وزارت کشور از 6 فعال اصولگرا و حضور 5 تن از آنها در این دیدار یادآور شد: نظرات ما با دوستان اصلاح طلب در زمینه خانه احزاب بسیار به یکدیگر نزدیک است. \r\n\r\n رئوفیان درباره مباحث مطرح شده پیرامون خانه احزاب در جلسه امروز با معاونین وزیر کشور توضیح داد: ما درباره نحوه برگزاری مجمع عمومی خانه احزاب و اینکه چه کسی دعوت کننده باشد صحبت کردیم. \r\n\r\n عضو جبهه ایستادگی تصریح کرد: درباره اینکه در مجمع عمومی فوق العاده اساسنامه با اصلاحاتی به تصویب برسد و سپس انتخابات انجام شود، بحث هایی صورت گرفت و در نهایت به جمع بندی خواهیم رسید تا مجمع عمومی فوق العاده به منظور انتخاب اعضای شورای مرکزی و تصویب اساسنامه خانه احزاب، برگزار شود. \r\n\r\n عضو ادوار شورای مرکزی خانه احزاب با بیان اینکه در این مجمع عمومی از همه احزاب و نمایندگان جناح های مختلف دعوت خواهد شد، از برگزاری مجمع عموی خانه احزاب تا پایان سال خبر داد. \r\n\r\n وی یادآور شد: مجمع عمومی توسط خود احزاب و با نظارت وزارت کشور برگزار می شود. \r\n\r\n رئوفیان تاکید کرد: فعلا قرار شد مقدمات برگزاری مجمع عمومی و دعوت از 181 حزب عضو خانه احزاب برای شرکت در مجمع عمومی انجام شود. \r\n\r\n انتهای پیام/
3,تلاش برای راه اندازی 2 حزب دیگر از سوی اصلاح طلبان/ حزب منحله مشارکت یا اتحاد ملت ایران \r\n به گزارش خبرنگار حوزه احزاب خبرگزاری فارس ، حوزه احزاب گروه سیاسی فارس، 26 مهرماه از راه اندازی دو حزب جدید با نام های اتحاد ملت ایران اسلامی و جوانان اصلاح طلب ایران اسلامی خبر داده بود. \r\n\r\n پس از جدی شدن فعالیت تشکل در شرف تاسیس ندا ، خبرها حکایت از تلاش اصلاح طلبان برای راه اندازی دو حزب دیگر با نام های اتحاد ملت ایران اسلامی و جوانان اصلاح طلب ایران اسلامی دارد. \r\n\r\n برپایه این خبر یک منبع آگاه نزدیک به اصلاح طلبان در گفت وگو با خبرنگار حوزه احزاب خبرگزاری فارس ضمن تائید این خبر اظهار داشت: اتحاد ملت ایران نام جدید یکی از احزاب اصلاح طلبان است که می خواهد جایگزین حزب منحله مشارکت شود. \r\n\r\n وی تصریح کرد: قرار است افراد کمتر شناخته شده حزب منحله مشارکت در صورت صدور مجوز از سوی وزارت کشور مدیریت اتحاد ملت ایران را عهده دار شوند. \r\n\r\n این منبع مطلع همچنین درباره حزب در شرف گرفتن مجوز جوانان اصلاح طلب ایران اسلامی نیز گفت: این حزب نیز قرار است از سوی جوانانی که از خدمت در دیگر احزاب اصلاح طلبی خسته شده اند یعنی به نوعی دیگر تمایلی ندارند پیاده نظام احزاب قبلی باشند اداره شود. \r\n\r\n این خبر به دلیل اهمیت آن مجدداً بازنشر داده شده است. \r\n\r\n انتهای پیام/
3,اطلاعات غلطی به شورای نگهبان داده می شود \r\n نماینده تبریز درباره اظهارات اخیر سخنگوی شورای نگهبان مبنی بر این که گروه های سیاسی از شورا برای ترساندن استفاده نکنند، گفت: احتمالا می خواهد اطمینانی بدهد که انشاءالله بحث های سیاسی در بررسی صلاحیت های انتخابات آینده دخیل نخواهد بود. \r\n\r\n به گزارش ایرنا، مسعود پزشکیان در جمع خبرنگاران افزود: به هر حال همیشه از این که یک گروهی بخواهد حرفی بزند، هراسی نسبت به شورای نگهبان وجود دارد تا مبادا رد صلاحیت شود. وی ادامه داد: البته شورای نگهبان فقط مجموع حقوقدانان و فقهای این شورا نیست بلکه مقداری از مسایل دیگر نیز در شهرستان ها و توسط نمایندگان این شورا وجود دارد. نماینده تبریز اضافه کرد: این کمیته ها اطلاعاتی را به شورای نگهبان می دهند که ممکن است با غرض و یا در اثر اطلاعات کم و غلط باشد. پزشکیان با بیان این که متاسفانه اطلاعات غلطی از شهرستان ها به مجموع فقها و حقوقدانان شورای نگهبان درباره نامزدها و نمایندگان داده می شود، تصریح کرد: یعنی کل قضیه را نمی توان به شورای نگهبان نسبت داد اما این واقعیت وجود دارد که افرادی در شهرستان ها، موضوعات سیاسی را در رد صلاحیت ها دخیل می کنند. وی با بیان این که وقتی می گویند نترسانید حتما می خواهند کار خود را اصلاح کنند، افزود: اما من نمی توانم بگویم که شورای نگهبان چه کاری باید انجام دهد یا انجام ندهد بلکه باید نتیجه کار را در جریان ثبت نام و بعد از آن دید. نماینده مردم تبریز در مجلس شورای اسلامی یادآور شد: شورای نگهبان می تواند کارهایی انجام دهد که منجر به مداخلاتی شود اما باید جمع بندی و نتیجه نهایی را بعد از این که نظرها داده شد و در شورا مورد اعمال قرار گرفت بررسی کرد.
3,خانه احزاب بدنام است \r\n یک عضو شورای مرکزی حزب موتلفه اسلامی گفت: من که شخصا مشکلی ندارم ولی حرف حق من این است که خانه احزاب بدنام است. \r\n\r\n اسدالله بادمچیان در گفت وگو با خبرنگار ایلنا٬ درباره خانه احزاب و شرایط بازگشایی آن گفت: کسانی امروز می خواهند القاء کنند که همه راضی به شرایط بازگشای خانه احزاب هستند و تنها کسی که مخالف است بنده هستم. \r\n\r\n وی ادامه داد:من که شخصا مشکلی ندارم بلکه مهم حرف حق است که من می گویم. حرف حق من این است که این خانه احزاب بدنام است و در دو دوره انتخاباتی که داشته است مسئله تقلب در آن بین همه جریان ها مطرح شده است. \r\n\r\n عضو شورای مرکزی حزب موتلفه اسلامی افزود: در آن دو دوره گروهی آمدند که نتوانستند کاری برای خانه احزاب بکنند و بعد هم می خواهد امروز یک وضعیت تحمیلی را برای احزاب به وجود بیاورند. \r\n\r\n این فعال سیاسی اصولگرا با بیان اینکه احزاب هیچگاه زیر بار تحمیل نمی روند، تصریح کرد: باید وضعیتی به وجود آید که همه احزاب و جریان ها اقناع و بتوانند دور یکدیگر جمع و باهم کار کنند بنابراین این خانه احزاب به این روش مفید نیست. \r\n\r\n بادامچیان تاکید کرد: راهکار اصلی من برای خروج از این وضعیت این است که همه احزاب در یک عنوان جدید جمع شوند و در آن عنوان جدید با محاسبات دقیق و با استفاده از تجربه گذشته تشکل جدید را به وجود بیاورند. \r\n\r\n وی گفت: این آقایون اصلاح طلب به اصطلاح خودشون که نمی دانیم این اصطلاح را هم تا کی می خواهند نگه دارند؛ اصلاح طلب که چی!! چرا خط ولایت نمی گویند چرا خط انقلاب نمی گویند چرا آقایون دنبال مقاصد سیاسی خودشان هستند.بنابراین می خواهند از خانه احزاب به این صورت استفاده کنند بنابراین احزاب اصولگرا هم که نمی توانند دنبال رو و ابزار این افراد و گروها شوند. \r\n\r\n بادامچیان تصریح کرد: امروز اهداف اصلاح طلبان با سیاست های کلان نظام همراه نیست لذا حرف آنها پیش نمی رود.این را گردن بنده می اندازند که من نمی گذارم خانه احزاب فعال شود. اگر من اینقدر قدرت داشتم خیلی خوب بود اما بعید است چنین قدرتی داشته باشم. \r\n\r\n پایان پیام
3,ایراد شورای نگهبان به اصلاح قانون انتخابات \r\n سخنگوی شورای نگهبان اعلام کرد: این شورا برخی مواد طرح اصلاح قانون انتخابات را مغایر با قانون اساسی تشخیص داد.عباسعلی کدخدایی سخنگوی شورای نگهبان در نشست خبری خود اعلام کرد: شورای نگهبان موادی از طرح اصلاح قانون انتخابات مصوب شورای اسلامی را مغایر قانون اساسی تشخیص داده است. پیش از این شورای نگهبان در زمان بررسی این طرح در مجلس مخالفت خود را با ماده 35 آن اعلام کرده بود که مربوط به تعیین رجل سیاسی با کسب امضا از شخصیت های سیاسی و مذهبی می شد که از طرح حذف شد. سخنگوی شورای نگهبان گفت که از مجموع طرح ها و لوایح مصوب مجلس که اخیرا به این شورا آمده 5 مورد آن تائید شده و 5 مورد نیز مغایر قانون اساسی تشخیص داده شده است. کدخدایی در عین حال تصریح کرد: هنوز موارد مغایر به اطلاع مجلس نرسیده و پس از نهایی شدن آن نظر شورا رسما برای مجلس ارسال می شود.
3,کسانی که امنیت کشور را به خطر انداخته اند، تایید صلاحیت نمی شوند \r\n سخنگوی شورای نگهبان گفت: کسانی که امنیت ما را به خطرانداختند ویا اشخاصی که \r\n حساب شده کشوررا به مخاطره انداختند ودشمنان ما را امیدوارکردند چنانچه نقش فعالشان ثابت شود صلاحیت شان تایید نمی شود.نجات الله ابراهیمیان درگفتگوبا مهر گفت: دراصل نظارت شورای نگهبان، حتی اگربپذیریم گاهی اوقات حقوق برخی اشخاص تضییع شده، نباید تردیدی وجود داشته باشد واشخاص منصف وآنهایی که درگروه های مختلف برای انقلاب عمرصرف کرده اند علی القاعده نباید تردیدی دراصل نظارت شورای نگهبان داشته باشند. وی درمورد اینکه آیا نظارت شورای نگهبان صرفا درمرحله اعتراضات است یا تأیید صلاحیت ها را هم شامل می شود، گفت: درمورد صلاحیت های تأیید شده، شورای نگهبان اعمال نظارت خودش را براساس تفسیری که ازمفهوم نظارت دارد واین تفسیرهم اتفاقا درقانون مربوط به نظارت شورای نگهبان انعکاس پیدا کرده و تبدیل به قانون شده است، انجام می دهد که براساس آن می تواند برتأیید صلاحیت ها نظارت کند. بنابراین نظارت برتأیید صلاحیت یک مصداق ازنظارت های شورای نگهبان است.سخنگوی شورای نگهبان درادامه با بیان اینکه درمورد نسبت کاندیداها با مسئله فتنه88 باید به سخنان مقام معظم رهبری اشاره کنم که فرمودند این فتنه خط قرمزماست، گفت: کسانی که امنیت ما را به خطرانداختند با بی تدبیری ویا اشخاصی که حساب شده کشوررا به مخاطره انداختند ودشمنان ما را امیدوارکردند چنانچه نقش فعالشان واین اقدامشان ثابت شود؛ مانع تلقی خواهد شد.ابراهیمیان افزود:منتها با توجه به تاکیدات مسئولان عالی نظام، ما نباید مردمی را که درجریان انتخابات به تکالیف قانونی خودشان عمل کرده اند، به این فهرست ها اضافه کنیم، خیلی ازاشخاص وفعالان سیاسی، به طرفداری از کاندیدای مورد نظرشان پرداختند وجزء فعالان ستادهای انتخاباتی اشخاص درگیردرفضای88 بودند که به موقع با تصمیم عاقلانه با دلسوزی برای انقلاب موضع مناسب اتخاذ کردند بنابراین به نظرمی رسد هیچ دلیل قانونی که باعث شود جلوی فعالیت سیاسی آنها را بگیریم، وجود ندارد. وی تاکید کرد: آنچه مسلم است هیچ کدام ازما نمی توانیم اجازه دهیم که اشخاصی که شعار استقلال، آزادی، جمهوری ایرانی را درمقابل جمهوری اسلامی بر زبان رانده اند وبه آن دامن زده اند، وارد سیستمی شوند که جمهوریت واسلامیت ازارکان آن است.
3,شورای نگهبان به 36 ماده طرح احکام بودجه ایراد گرفته است/کمیسیون برنامه این ایرادات را برطرف می کند \r\n غلامرضا کاتب نماینده مردم سمنان و سخنگوی کمیسیون برنامه، بودجه و محاسبات مجلس شورای اسلامی در گفت وگو با خبرنگار پارلمانی خبرگزاری فارس با تأیید خبر ردّ طرح احکام دائمی لوایح بودجه های سنواتی توسط شورای نگهبان، اظهار داشت: نظرات شورای نگهبان پیرامون طرح تنظیم بخشی از مقررات مالی دولت با ایراد به 36 ماده این طرح واصل شده است. \r\n\r\n وی افزود:بیشتر ایرادات به این مواد مغایرت با اصول 52، 53 و 75 قانون اساسی تشخیص داده شده است. \r\n\r\n سخنگوی کمیسیون برنامه و بودجه مجلس در ادامه تصریح کرد: کمیسیون برنامه و بودجه از امروز برای رفع ایرادات شورای نگهبان تشکیل جلسه می دهد و احتمالاً از همین هفته گزارش کمیسیون به صحن علنی ارجاع خواهد شد. \r\n\r\n کاتب بر همین اساس یادآور شد: شورای نگهبان در 7 مورد نیز تذکراتی به مجلس داده تا مرتفع شود و اصلاح همه ایرادات و تذکرات به این طرح در دستور کار این کمیسیون قرار گرفته است. \r\n\r\n وی تأکید کرد: طرح تنظیم مقررات مالی دولت در 55 ماده و 60 ماده الحاقی چندی پیش در دستور کار مجلس قرار گرفت و به تصویب رسید که قرار است با رفع ایرادات شورای نگهبان با اولویت در دستور کار صحن علنی قرار گیرد. \r\n\r\n نماینده گرمسار در مجلس در پایان در پاسخ به سؤالی مبنی بر اینکه رفع ایرادات چه زمانی در صحن مطرح خواهد شد؟ توضیح داد: طبیعتاً این طرح قبل از بررسی لایحه بودجه سال 1394 در صحن تصویب خواهد شد و ایرادات مدّ نظر شورای نگهبان با همکاری دولت برطرف می شود. \r\n\r\n انتهای پیام/
3,شورای نگهبان: ماده 4 طرح اختیارات وزیر دادگستری همچنان ابهام دارد \r\n شورای نگهبان اعلام کرد که ماده 4 طرح نحوه اجرای قسمتی از اصل یکصد و شصتم قانون اساسی درباره اختیارات وزیر دادگستری همچنان ابهام دارد. \r\n\r\n به گزارش گروه سیاسی خبرگزاری برنا، به نقل از اداره کل روابط عمومی شورای نگهبان، طرح نحوه اجرای قسمتی از اصل یکصد و شصتم (160)قانون اساسی که با اصلاحاتی در جلسه هفتم بهمن ماه 1393 به تصویب مجلس شورای اسلامی رسیده است؛ در جلسه 1393/11/15 شورای نگهبان مورد بحث و بررسی قرار گرفت. \r\n\r\n در نظر شورا درباره این طرح و اصلاحات بعدی آن آمده است: در خصوص اشکال معموله در بند 4 ایراد سابق این شورا، نظر به این که مشخص نیست سوال های نمایندگان مربوط به روابط قوه قضائیه با قوای دیگر است یا خیر؟ ابهام دارد؛ پس از رفع ابهام اظهارنظر خواهد شد. \r\n\r\n به گزارش ایرنا، ماده 4 طرح نحوه اجرای قسمتی از اصل 160 قانون اساسی به این شرح است: وزیر دادگستری در قبال کلیه مسایل مربوط به روابط قوه قضاییه با سایر قوا و وظایف قانونی خود مانند سایر وزرا موظف است به سوالات نمایندگان مجلس در مورد مسایل مختلف مربوط به قوه قضاییه پس از کسب اطلاع و با رعایت استقلال قضات، پاسخ دهد. \r\n\r\n پرونده های جاری قضایی که سوال پیرامون آن ها استقلال قاضی را مخدوش و به عدالت قضایی لطه وارد می کند و مسایل محرمانه مربوط به اشخاص مانند احوال شخصیه از شمول این ماده خارج است. \r\n\r\n مجلس شورای اسلامی در تاریخ 1393/08/25 این طرح را تصویب کرد و شورای نگهبان نیز در 1393/08/28 اعلام کرد که این طرح با برخی اصول قانون اساسی و شرع مغایرت دارد. \r\n\r\n موضوعات اعاده شده از شورای نگهبان در جلسه 1393/11/07 مجلس شورای اسلامی مورد بحث و بررسی قرار گرفت و با اعمال اصلاحات مجددا به شورای نگهبان ارسال شد. \r\n\r\n این شورا در مرحله دوم رسیدگی به این طرح در تاریخ 1393/11/20 تشکیل جلسه داد که نتیجه آن اعلام ابهام بود.
3,بسیج در تمام ابعاد فعالیت دارد \r\n به گزارش خبرگزاری فارس از دامغان، سیدمحمدرضا حسینی ظهر امروز در نشستی بصیرتی در دامغان اظهار داشت: تاریخ بسیج تنها به دوران انقلاب برنمی گردد بلکه از صدر اسلام شاهد بسیج بوده ایم. \r\n\r\n وی با اشاره به سخنان امام راحل، به تاریخچه بسیج اشاره کرد و افزود: زمانی که در صدر اسلام مسلمانان در خطر تهدید بودند، در مساجد جمع می شدند و تحت آموزش نظامی برای دفاع قرار می گرفتند. \r\n\r\n فرمانده سپاه شهرستان دامغان افزود: بعد از پیروزی انقلاب اسلامی، امام می دانستند دشمنی با انقلاب اسلامی زیاد است و انقلاب اهداف بزرگی دارد و فرمان تشکیل بسیج را دادند؛ خود مردم بهترین گزینه برای مقابله با دشمنی ها و دفاع از ارزش ها هستند و از این رو، تشکیل بسیج انجام شد. \r\n\r\n حسینی بیان کرد: بسیج در تمام ابعاد شکل گرفت و به جذب پرداخت؛ هدفی که ما از تشکیل بسیج داریم، همان است که هم مدنظر امام و هم مقام معظم رهبری بوده و امروز باید به این موارد توجه شود. \r\n\r\n وی تحقق فرمایش امام مبنی بر تشکیل هسته های حزب الله و ارتش 20 میلیونی، ایجاد توانایی و آمادگی لازم در جهت دفاع از کوی و برزن و مرز های سرزمینی و همچنین ارزش های نظام و انقلاب اسلامی و نیز کمک به دولت در سازندگی و حضور بسیج در هنگام بلا و حوادث غیرمترقبه را از اهداف امروز سازمان بسیج دانست. \r\n\r\n فرمانده سپاه شهرستان دامغان افزود: حفظ و بالابردن توان رزمی و عقیدتی نیز در دستور کار قرار دارد و امسال برنامه های هفته بسیج با شعار عزم ملی و مدیریت جهادی برگزار شد و اثرات خوبی داشت. \r\n\r\n انتهای پیام/74023/ع30
3,بسیج در همه سنگرها گوش به فرمان ولایت فقیه است \r\n مسعود رمرودی امروز در گفت وگو با خبرنگار فارس در زنجان با اشاره به اهمیت هفته بسیج اظهار کرد: برنامه های هفته بسیج سال جاری با شعار بسیج مظهر عزم ملی و مدیریت جهادی در حال برگزاری است. \r\n\r\n وی با اشاره به اینکه امروز بسیج توانسته نقش خود را به عنوان یک مدیر جهادی و عزم خود را در پروژه های مختلف در طول 36 سال پس از پیروزی انقلاب اسلامی ایران به خوبی ایفا کند، گفت: بسیج مستضعفین در تاریخ پنجم آذر ماه سال 58 به فرمان امام راحل تشکیل شد. \r\n\r\n معاون فرهنگی سپاه انصارالمهدی (عج) استان زنجان با بیان اینکه امام راحل شجره طیبه بسیج را غرس کردند، گفت: ایجاد ارتش 20 میلیونی با راهنمایی و الطاف الهی و با تفکر عمیق امام راحل تشکیل شد. \r\n\r\n این مسئول با اشاره به اینکه تداوم انقلاب اسلامی مدیون مقام معظم رهبری است، افزود: امروز بسیج به عنوان سرباز ولایت در همه سنگرها گوش به فرمان ولایت فقیه است. \r\n\r\n رمرودی با بیان اینکه انقلاب ویژگی هایی همچون استکبارستیزی، ظلم ستیزی، دفاع از مظلوم و عدالت طلبی دارد، بیان کرد: دشمنان با شناختی که نسبت به این شعارها داشتند خود را تجهیز کرده و در مقابل انقلاب قد علم کردند. \r\n\r\n وی با اشاره به اینکه امام راحل با دیدگاه روشن خود بسیج را تشکیل داده و قبل از آغاز جنگ تحمیلی بسیج را در قالب پایگاه مساجد آغاز کردند، متذکر شد: بسیج توانسته در کارهای زیربنایی، زیرساختی، مسائل رزمی و فرهنگی در عرصه دفاع نقش خود را به خوبی ایفا کند. \r\n\r\n معاون فرهنگی سپاه انصارالمهدی (عج) استان زنجان با اشاره به اینکه امروز بسیج در همه عرصه های فرهنگی، اقتصادی، اقتصاد مقاومتی و سیاسی حضور گسترده ای دارد، اظهار کرد: امید است بسیج بتواند سرباز واقعی ولایت فقیه باشد. \r\n\r\n انتهای پیام/73008/ر20/پو3002
3,صهیونیست ها تا روز نابودی کامل اسرائیل باید در آماده باش باشند/ شهادت الله دادی جواز پاسخ مناسب به آنهاست \r\n به گزارش خبرگزاری فارس به نقل از پایگاه اینترنتی بسیج، سردار محمدرضا نقدی رییس سازمان بسیج مستضعفین در نشست فرماندهان و مسئولین بسیج و سپاه های استانی کشور گفت: شهادت شهید الله دادی دستورالعملی برای آزادی قدس و جوازی جهت پاسخ مناسب علیه رژیم صهیونیستی است. \r\n\r\n نقدی شهادت سردار الله دادی را سند روشنگری و بیدارگری دانست و اظهار داشت: شهادت ایشان بار دیگر ثابت کرد که تکفیری ها، شاخه نظامی جنگ های نامنظم رژیم صهیونیستی و آمریکا علیه امت اسلام هستند. \r\n\r\n وی با بیان اینکه خون شهید الله دادی پرده از چهره منافقانه برخی برداشت، تصریح کرد: این ترور نشان داد علت حمله گسترده رسانه های صهیونیستی و عوامل آنها به سپاه و بسیج چیست؛ نفوذ و اثر سپاه و بسیج در تقویت جبهه مقاومت باعث شده برای دشمنی با تمام توان وارد عرصه شوند. \r\n\r\n رییس سازمان بسیج مستضعفین در ادامه خطاب به صهیونیست ها تاکید کرد: صهیونیست ها بدانند آنچه از آن می ترسند به سرشان خواهد آمد و تنها راه این است که چمدان های خود را بسته و به کشورشان بازگردند. \r\n\r\n وی با بیان اینکه صهیونیست ها روی آرامش را نخواهند دید، ادامه داد: این خون ها بدون پاسخ نمانده و تا روز نابودی کامل رژیم صهیونیستی، آنها باید کاملا در آماده باش باشند. \r\n\r\n جانشین فرمانده کل سپاه در امر بسیج غلبه بر رژیم صهیونیستی در عملیات آزادسازی قدس را راحت تر از غلبه بر این رژیم در جنگ های 33، 22، 8 و 51 روزه دانست و افزود: دکترین نظامی رژیم صهیونیستی بر مبنای آفند و تهاجم بوده و این روش 60 سال در ارتش آنها نهادینه شده است. \r\n\r\n وی رژیم صهیونیستی را در مسئله پدافندی بسیار آسیب پذیر و ضعیف دانسته و تصریح کرد: این آسیب پذیری در پدافند سبب شکست راحت آنها خواهد شد چراکه وقتی ارتش این رژیم 4 بار در موضع آفندی شکست خورده بی شک در موضع پدافندی خیلی راحت تر شکست خواهند خورد. \r\n\r\n نقدی نابودی رژیم صهیونیستی و گسترش اسلام ناب در سراسر دنیا را آرزوی بزرگ امام خمینی علیه الرحمه عنوان و خاطرنشان کرد: این آرزوی امام در حال محقق شدن است و در این راه مدیون خون پاک شهدایی هستیم که قبل از شهادتشان حتی اهتزاز پرچم اسلام بالای سرشان را ندیده و در این آرزو خونشان را فدا کردند. \r\n\r\n انتهای پیام/
3,بسیج پا به پای مردم در حرکت است \r\n به گزارش سپاه نیوز؛ مصطفی کریمی فرمانده سپاه خلخال در مراسم معرفی فرمانده جدید بخش خورش رستم خلخال گفت: حرکت خدمت به مردم باید از درون ادارات آغاز شود و در جامعه گسیل یابد و مسئولیت در نظام جمهوری اسلامی ایران امانتی سنگین برای خدمت به مردم است. \r\n وی با اشاره به خدمات انجام شده موفق بسیج ناحیه خلخال در بخش خورش رستم خلخال ادامه داد: برای ارتقای سطح اداره و کارکنان عزل و نصب ها مهم نیست بلکه مهم خدمت به مردم و تلاش برای ارتقای سطح خدمات رسانی است. \r\n فرمانده سپاه ناحیه خلخال تصریح کرد: انتظار می رود خدمات بسیج که با نام مقدس امام خمینی (ره) در یادها زنده مانده همچنان با سخت کوشی ادامه داشته باشد. \r\n کریمی با توسل به رهنمود های امام راحل از مسئول جدید ناحیه هشجین خواست تا با تلاش و پشتکار و تعامل با مردم و مسئولان برای خدمت هر چه صادقانه و در شان مردم هشجین تلاش های خود را به کار گیرد. \r\n در این مراسم که با حضور مسئولان محلی و شهرستانی برگزار شد از زحمات شهرام قنبری تجلیل و علی طاهری به سمت مسئول جدید سپاه هشجین منصوب شد. \r\n همچنین با حکمی از سوی فرماندهی سپاه ناحیه خلخال شهرام قنبری به سمت مسئول بسیج دانش آموزی بخش خورش رستم معرفی و از زحمات مسئول قبلی تجلیل شد. \r\n انتهای خبر/03
3,منویات مقام معظم رهبری سرلوحه کار نهاد انقلابی بسیج است \r\n به گزارش خبرگزاری تسنیم از سقز ، سرهنگ حق رضا نادرپناه ظهر امروز در مراسم افتتاح پایگاه مقاومت بسیج بیمه ایران در سقز، بسیج را یکی از نیروهای مخلص مردمی دانست و اظهار داشت: بسیج که از رویش های ناب انقلاب اسلامی است همواره در مسیر خدمت به آرمان های انقلاب اسلامی حرکت کرده است. \r\n\r\n وی با اشاره به مردمی بودن بسیج و حرکت این نهاد انقلابی در مسیر آرمان های انقلاب و نظام گفت: اگر فرهنگ والای بسیجی در جامعه ما وجود نداشت، دشمنان به راحتی این انقلاب را از ما می گرفتند. \r\n\r\n جانشین فرمانده سپاه شهرستان سقز با بیان اینکه امروز بسیج در لایه های مختلف جامعه حضور دارد تصریح کرد: این نفوذ به معنی این است که بسیج نهادی مردمی بوده و سرلوحه کار در این نهاد انقلابی منویات مقام معظم رهبری است. \r\n\r\n وی گفت: امروز بسیج در ابعاد مختلف راه شهدا را ادامه می دهد و همیشه هم تلاش کرده که دستاوردهای نظام و آرمان های شهدا را در جامعه تبیین و دنبال کند. \r\n\r\n نادرپناه به عضویت افتخار آمیز طبقات مختلف مردم اعم از کارمند و بازاری در بسیج اشاره کرد و افزود: همه باید تلاش کنیم ارتش بیست میلیونی مورد نظر امام راحل(ره) تحقق یابد. \r\n\r\n وی، راه اندازی پایگاه های مقاومت را یکی از مسیرهای دانست که از آن طریق می توان در جهت پاسداری از دستاوردهای انقلاب حمایت و حفاظت کرد. \r\n\r\n وی با اشاره به اینکه در حال حاضر 15 پایگاه مقاومت بسیج در سطح کارمندی و کارگری در شهر سقز فعال است، بر همکاری سایر ادارات برای راه اندازی پایگاه های مقاومت برای اشاعه فرهنگ بسیج در جامعه تأکید کرد. \r\n\r\n انتهای پیام/ ر
3,تاجیک: روایت میدانی فتنه محاکمه علنی سران فتنه است \r\n جواد تاجیک مسئول قرارگاه نور سازمان بسیج دانشجویی در گفت وگو با خبرنگار فرهنگی خبرگزاری فارس به تاثیر ایجاد روایت میدانی فتنه اشاره کرد و گفت: راه اندازی روایت میدانی فتنه اهمیتش کمتر از راهیان نور نیست و زمینه آن نیز فراهم است. هر جایی هم که اقدامی انجام شد و صدای دشمن در آمد، معلوم است که کار ما درست بوده است. \r\n\r\n * روایت میدانی فتنه کم اهمیت تر از راهیان نور است \r\n\r\n وی افزود: همین کاروان روایت فتنه که راه افتاد، یکی از سران فتنه واکنش نشان داد. زیرا این افراد می ترسند که این حوادث یادآوری و مرور شود و دلشان می خواهد که از حافظه تاریخی ملت پاک شود. از این جهت می گویم که روایت میدانی فتنه کم اهمیت تر از راهیان نور نیست به این دلیل است که هر سال یاد آن را زنده می کند و کاری که راهیان نور می کند این است که حماسه مردم و خباثت دشمن را روشن می کند و می تواند برای آینده انقلاب یک تجربه محسوب شود. این اتفاق نیز(روایت میدانی فتنه) همین دستاورد را خواهد داشت. \r\n\r\n *روشن گری حول فتنه 88 مجاهدت است \r\n\r\n تاجیک گفت: دشمن می خواهد حوادث سال 88 از ذهن مردم به مرور پاک شود و اگر اینگونه رفتار نشود و عمارگونه وارد میدان نشویم به مرور به مقصودشان خواهند رسید. اگر وارد میدان شویم و چراغ را دست بگیریم و برای روشن گری مردم راه را روشن کنیم این عمل اجر جهاد را خواهد داشت و مجاهدت است، یعنی هرکاری که مقابل خواست دشمن باشد و در آن تلاش و نیت صادقانه وجود داشته باشد جهاد است و ان شاالله اتفاق بزرگی صورت بگیرد و برکت پیدا کند. \r\n\r\n * روایت میدانی فتنه محاکمه علنی سران فتنه است \r\n\r\n وی در پایان گفت: به نظرم باید تاریخ شفاهی آن روزها از دل همه کسانی که در میدان بودند و حوادث را دیدند استخراج شود. اگر روایت میدانی فتنه گسترش یابد روح شهدای فتنه شاد خواهد شد، با توجه به اینکه محاکمه سران فتنه بنا به دلایل و مصلحت هایی محقق نشده است، اما روایت میدانی فتنه ، محاکمه علنی سران فتنه در دادگاه اذهان عمومی است. \r\n\r\n انتهای پیام/و
3,تطهیر سران فتنه و درخواست رفع حصر آنان نوعی منگولیسم سیاسی و عقب افتادگی ذهنی است \r\n حجت الاسلام حاج علی اکبری، نماینده مقام معظم رهبری در اتحادیه انجمن های اسلامی دانش آموزان در گفتگو با سایت مرآت با اشاره به معرفی برخی از موثرین فتنه از سوی دولت به عنوان وزرای پیشنهادی ، گفت: متاسفانه برخی اشخاص با سهل انگاری و تسامح زمینه را برای فتنه گران فراهم می کنند. \r\n\r\n وی با بیان اینکه جرائم سران فتنه جرائمی قابل بخشش و تطهیر نیست، تلاش برخی افراد برای تطهیر سران فتنه را نوعی منگولیسم سیاسی و عقب افتادگی ذهنی دانست و افزود: حکم حصر خانگی حکایت از سماحت و بزرگی رهبر و ملت ایران دارد که برخی از این بزرگی سوء استفاده می کنند. \r\n\r\n حاجی علی اکبری با اشاره به اینکه در فتنه 88 فرصت تاریخی حضور 85 درصدی مردم تبدیل به یک تهدید تاریخی شد، تصریح کرد: فتنه 88 خسارت های بزرگی را چه از لحاظ اجتماعی، سیاسی و اقتصادی برای ملت ایران در بر داشت. \r\n\r\n نماینده رهبری در انجمن های اسلامی، 9 دی را نماد بصیرت و ولایت مداری مردم ایران عنوان کرد و گفت:9دی باطل السحر فتنه 88 و میخ آخر ملت ایران بر تابوت فتنه بود. \r\n\r\n مراقبت از جریان نفاق، صیانت از پست های کلیدی، مراقبت از دانشگاه ها و مراقبت از جریان تعلیم و تربیت ،درس های فتنه 88 به مردم و نظام بود که علی اکبری به آن اشاره و خاطر نشان کرد: متاسفانه هنوز برخی ها از خواب خرگوشی بیدار نشده اند،آیا آنان منتظر سیلی دیگری هستند؟ \r\n\r\n انتهای پیام/
3,دانشجویان پیگیری محاکمه سران فتنه را از شمخانی طلب می کنند \r\n به گزارش خبرنگار گروه دانشگاه خبرگزاری فارس ، ناصر آراسته، دبیر شورای تبیین مواضع بسیج دانشجویی کشور در نشست خبری رونمایی از کیفرخواست حقوقی محاکمه سران فتنه که عصر امروز در سازمان بسیج دانشجویی برگزار شد، اظهار داشت: ما دبیر شورای عالی امنیت ملی را مکلف به پیگیری محاکمه سران فتنه می دانیم. \r\n\r\n وی افزود: 5 سال از مطالبه به حق مردم ایران که در 9 دی 88 مطرح شد، می گذرد و این مطالبه هنوز بر زمین مانده است و ما به تمام مسئولان یادآور می شویم که به این مطالبه مردم جامعه عمل بپوشاند و قانون اساسی را در رابطه با سران فتنه اجرا کند. \r\n\r\n این فعال دانشجویی تصریح کرد: مهمترین خواسته مردم در 9 دی محاکمه سران فتنه بود که این موضوع را نیز بدون واسطه بیان کردند. \r\n\r\n آراسته تصریح کرد: در همین راستا کیفرخواست حقوقی محاکمه سران فتنه به دبیر شورای عالی امنیت ملی تقدیم می شود. طبیعی است که محاکمه سران فتنه به دست قوه قضائیه باید صورت بگیرد و ما پیگیری این موضوع را از آقای شمخانی طلب می کنیم. \r\n\r\n انتهای پیام/
3,ملت ایران ابهت پوشالی آمریکا و اسرائیل را شکست \r\n به گزارش خبرگزاری حوزه از کاشان، حجت الاسلام محمود فقیهی، در حاشیه سفر به شهرستان کاشان، در گفتگو با خبرنگاران با تقدیر از حضور حماسی مردم در راهپیمایی 22 بهمن، گفت: حضور با صلابت مردم در صحنه های انقلاب، توطئه های دشمن را خنثی و کشور را بیمه می کند . \r\n\r\n وی افزود: حضور باشکوه مردم در راهپیمایی 22 بهمن پیام مهمی به استکبار جهانی بود که ملت سرافراز ایران با وجود تهدیدها و تحریم ها هیچ گاه زیر بار ظلم و ستم نخواهد رفت و با تمام قوا و در همه شرایط از آرمان های انقلاب اسلامی دفاع خواهد کرد . \r\n\r\n مدیر کل تبلیغات اسلامی استان اصفهان تصریح کرد: این حضور، به مسئولان و مدیران کشورنیز انگیزه ای مضاعف برای خدمت رسانی بخشید . \r\n\r\n حجت الاسلام فقیهی با اشاره به دستاوردهای انقلاب اسلامی خاطر نشان کرد: بزرگترین دستاورد انقلاب اسلامی، شکست ابهت پوشالی و دروغین استکبار جهانی بویژه آمریکا و اسرائیل است . \r\n\r\n وی افزود: انقلاب اسلامی سبب بیداری و خودباوری ملت های ستمدیده و مظلوم جهان شد، به گونه ای که هم اکنون حزب الله لبنان در مقابل اسرائیل ایستاده و شکست های پی در پی را به این رژیم غاصب تحمیل می کند. \r\n\r\n انتهای پیام
3,رحماندوست: حضور راویان فتنه از فراموشی جلوگیری می کند/ اهالی قلم نیاز به تلنگر دارند \r\n مجتبی رحماندوست نماینده مردم تهران در مجلس شورای اسلامی در گفت وگو با خبرنگار کتاب و ادبیات خبرگزاری فارس ، به دلیل عدم خلق اثر در خور درباره فتنه 88 اشاره کرد و گفت: اگر نخواهیم دیگران را متهم کنیم، بنده خودم هم از زمره کسانی هستم که وظیفه داشتم در زمینه ادبیات فتنه باید اثر خلق می کردم. \r\n\r\n *هنوز گرد و غبار فتنه ننشسته تا اثری خلق شود \r\n\r\n وی افزود: شاید جریان فتنه بعد از اینکه می خوابد، برای افراد و نویسنده ها مانند کسانی است که بعد از خروج از سینما کمی چشم هایشان را مالش می دهند تا بتوانند فضای روشن بیرون را در قیاس با فضای تاریک سالن سینما ببینند. مانند فضای غبار آلود شاید هنوز غبارها ننشسته تا اهالی قلم بتوانند درست ببینند. در عین حال اهالی قلم مانند مردانی که در وسط میدان فتنه و 9 دی حضور داشتند، نیستند که همه وسط بوده باشند، بلکه خالقان آثار ادبی در هر کشوری یک طیف هستند و شاید گرد و غبار ننشسته و نتوانند درست تشخیص دهند. البته عده ای هم تنبلی کرده اند و کار نکرده اند. \r\n\r\n *با جلسات مختلف باید به اهالی قلم تلنگر زد \r\n\r\n رحماندوست گفت: باید با جلسات مختلف به اهالی قلم و ادبیات انقلاب اسلامی تلنگر زد که زودتر بجنبید، تاسیس دفتر هنر و ادبیات جمهوری اسلامی نیز می تواند به شکل گیری این جریان کمک کند. \r\n\r\n وی به نسبت ادبیات فتنه و ادبیات پایداری اشاره کرد و گفت: ادبیات فتنه و ادبیات پایداری را با هم مرتبط نمی دانم. زیرا ادبیات فتنه یک فضای غبار آلودی را باید ترسیم کند و در حقیقت حرکت کردن در تاریکی است، اما ادبیات پایداری و دفاع مقدس کاملا روشن بود و دشمن از روبرو با آتش داغ و سنگین کشتار کننده علیه ملت ما بعلاوه اینکه تمام عالم طرف و همراه دشمن ما بود بر ما هجوم آورده بود. \r\n\r\n رحماندوشت اضافه کرد: در دوران دفاع مقدس ما در برابر دشمنی مشخص ایستاده بودیم ولی در فتنه همانطور که از اسم آن پیداست و بنا به تعبیر حضرت علی (ع)، در فتنه بخشی از حق و بخشی از باطل با هم آمیخته می شود تا کسی که می خواهد از باطل میوه چینی کند به مقصود خود برسد. البته نمی توان گفت که هیچ نقطه اشتراکی نداشتند ولی دو فضای متفاوت بود. \r\n\r\n *برای جلوگیری از فراموشی فتنه، جریان راویان فتنه موثر است \r\n\r\n وی در پایان گفت: خدا رو شکر مسئله فتنه بعد از آن در کشور جدی گرفته شده است و به عنوان خط قرمز تلقی شده است، که البته بعضی ها لاغر و ضعیف با آن برخورد کرده اند. از همین رو راه اندازی جریانی مانند راهیان نور برای فتنه تحت عنوانی چون راویان فتنه می تواند از فراموش شدن این مسئله در اذهان جلوگیری کند ولی باید روی این مسئله بیشتر فکر شود. \r\n\r\n انتهای پیام/و
3,حزب اعتدال و توسعه در تفکر سیاسی خود اصولگرایی و اصلاح طلبی را نفی نمی کند \r\n به گزارش خبرنگار حوزه احزاب خبرگزاری فارس ، محمدباقر نوبخت دبیرکل حزب اعتدال و توسعه امروز (چهارشنبه) در ضیافت وحدت احزاب اسلامی کشورهای جهان در تهران اظهارداشت: سابقه تحزب گرایی در ایران به یک قرن پیش برمی گردد. \r\n\r\n وی افزود: احزابی که امروز در جمهوری اسلامی ایران فعال هستند عمدتاً متولد پیروزی انقلاب اسلامی هستند. \r\n\r\n دبیرکل حزب اعتدال و توسعه در ادامه به سابقه فعالیت حزب مؤتلفه اسلامی اشاره کرد و گفت: مؤتلفه اسلامی از احزاب ریشه دار و اصیل پس از پیروزی انقلاب اسلامی است و به طور کلی احزاب ایران از نظر گرایش به دو گروه اصولگرا و اصلاح طلب قابل تقسیم هستند. \r\n\r\n نوبخت ادامه داد: با وجود تنوع سلایق بین دو مجموعه احزاب اصولگرا و اصلاح طلب نقاط مشترک آنان پایبندی و اعتقاد عمیق به مضامین و مفاهیم اسلام است و همه این احزاب ولایت فقیه را محور فعالیت خود قرار می دهند. \r\n\r\n وی به تفکر سیاسی حزب تحت اختیار خود اشاره و تصریح کرد: در میان دو جریان اصولگرایی و اصلاح طلبی جریان میانه ای وجود دارد که حزب اعتدال و توسعه بر این جغرافیا قرار گرفته است یعنی ما در مرام خود نه اصولگرایی و نه اصلاح طلبی را نفی نمی کنیم. \r\n\r\n دبیرکل حزب اعتدال و توسعه ادامه داد: بر این اصل معتقد هستیم که اگر جریان مدیریت کشور را به دست بگیریم برای اداره کشور از احزاب اصولگرا و اصلاح طلب دعوت خواهیم کرد. \r\n\r\n نوبخت خاطرنشان کرد: حزب اعتدال و توسعه در انتخابات ریاست جمهوری سال گذشته ویژگی های یک کاندیدای مناسب را در آقای روحانی دید به همین جهت به همراه جمعی از احزاب دیگر از حجت الاسلام روحانی برای کاندیداتوری دعوت کرد و آقای روحانی نیز این دعوت را پذیرفت. \r\n\r\n وی اضافه کرد: تعدادی از احزاب اصلاح طلب و اصولگرا در جریان انتخابات ریاست جمهوری سال گذشته حزب اعتدال و توسعه را همراهی کردند به همین جهت امروز در امور اجرایی با معیار شایسته گزینی از اصلاح طلبان و اصولگرایان بدون توجه به معیار سیاسی استفاده کرده و آنان با ما همکاری می کنند. \r\n\r\n دبیرکل حزب اعتدال و توسعه در ادامه به نشست احزاب کشورهای اسلامی اشاره و گفت: معتقدم این اجلاس بسیار مبارک با یک مشکل و با یک موقعیت استثنایی مواجه است و آن هجومی است که به اسلام عزیز در این مرحله وارد شده است. \r\n\r\n ادامه دارد...
3,شورای هماهنگی اصلاح طلبان باید بازتعریف شود \r\n رضا قاسمپور ظهر پنجشنبه در جمع خبرنگاران با بیان اینکه شورای هماهنگی اصلاح طلبان از 20 حزب و تشکل سیاسی اصولگرا تشکیل شده است، وجود تعاریف متفاوت از این شورا را در کشور و شهرستانها را یادآور شد و افزود: تلاش برای یکپارچیکی طیف های اصلاح طلبان در این رستا است و حزب اراده ملت ایران در این راستا در استان گام برمی دارد از حرکت های انفرادی پرهیز می کند. \r\n\r\n وی حرکت بر حول محور برنامه ریزهای شورای هماهنگی اصلاح طلبان را اولویت حزب حاما درر انتخابات سال آینده مجلس عنوان کرد و ادامه داد: در صئورت عدم توافق بر روسی گزینه مورد نظر حزب حاما به تنهایی لیست خواهند شد. \r\n\r\n دبیر حزب حاما شاخه زنجان با بیان اینکه تلاش برای انسجام و یکپارچگی اصلاح طلبان و ایجاد اجماع و اتفاق نظر سیاست کلی حاما است افزود: حزب اراده ملت ایران حاما برای معرفی گزینه مورد نظر خود در انتخابات اتی مجلس شورای اسلامی در حال برنامه ریزی است. \r\n\r\n قاسمپور با بیان اینکه زنجان همواره قطب نمای سیاسی کشور است و از ابتدا شهر سیاسی بوده است افزود: وجود تفکرات و نظرات مختلف در یک چارچوب سیاسی همواره وجود داشته است ولی متاسفانه برخی از دوستان اصلاح طلب در زنجان خود را پدر خوانده اصلاحات می دانند و مقد اری در مسیر انحصار طلبی هستند. \r\n\r\n وی گفت: تدبیر و امید یک روش و اصلاحات یک گفتمان است و اصلاح طلبان به دنبال اداره عقلانی کشور هستند. \r\n\r\n قاسمپور با بیان اینکه این حزب در شورای هماهنگی اصلاح طلبان حضور مستمر و فعال دارد، حاما را تنها حزب فعال و مجوز دار رسمی در سطح استان زنجان معرفی کرد . \r\n\r\n وی لزوم بازتعریف شورای هماهنگی اصلاح طلبان با محوریت احزاب و گرئوهای سیاسی اصلاح طلب به چهرهای مستقل در داخل شورای هماهنگی اصلاح طلب پیشنهاد کرد روند فعالیت سیاسی خود را در قالب تشکیل یک تشکل سیاسی جدید پیگیری کنند. \r\n\r\n دبیر حزب حاما شاخه زنجان با بیان اینکه حزب حاما در زنجان از دو ماه پیش مجوز فعالیت رسمی خود را دریافت کرده است افزود: این حزب هم اکنون 200 عضو عادی و فعال، 17 عضو اصلی با شش عضو علی البدل و دو بازرس با یک علی البدل دارد . \r\n\r\n قاسمپور با تاکید بر اینکه حزب خححاما به عهیچ وجه مطالبه شخصی و گروهی از شخص مدیریت عالی استان و مجموعه مدیرتی و اجرایی استان دارد، توسعه و پیشرف استان در بخش های استنان را مطلبه اصلی این حزب عنوان کرد افزود: حاما تنها حزبی محسوب می شود که از زنجان برخواست و به کل کشور تسری یافت . \r\n\r\n دبیر حزب حاما شاخه زنجان گفت: این حزب در سال جاری در سطح این استان دیدارهای مختلفی با مسئولان سیاسی، شهری، احزاب اصلاح طلب و امام جمعه زنجان داشته است . \r\n\r\n قاسمپور با بیان اینکه قانون اساسی چراغ راهنما و عقلانیت موتور محرکه این حزب محسوب می شود ادامه داد: این حزب در تلاش برای نقد سازنده دولت و کمک به دولتمردان برای تسریع در پیشرفت و توسعه است. \r\n\r\n دبیر حزب حاما شاخه زنجان گفت: این حزب هم اکنون برای کسب رای در انتخابات آتی مجلس شورای اسلامی برنامه ریزی می کند . \r\n\r\n قاسمپور افزود: در معرفی گزینه مورد نظر این حزب با اصلاح طلبان همراه خواهد بود، اما اگر دیگر احزاب در معرفی گزینه مناسب تعلل کنند، به تنهایی وارد عرصه شده و گزینه مورد نظر خود را معرفی خواهد کرد . \r\n دبیر حزب حاما شاخه زنجان گفت: فعالان حاما خرد جمعی، عقلانیت و تدبیر را تنها راه پیروزی در انتخابات آتی تلقی و خود را در ذیل شورای هماهنگی اصلاح طلبان تعریف می کنند. \r\n\r\n قاسمپور با یادآوری موضعه گیری اصلاح طلبان در خصوص آیت الله هاشمی بعد از دو خرداد سال 76 افزود: متاسفانه بعد از انتخابات سال 76 نوعی غرور کاذب در بین جبهه مشارکت و سازمان مجاهدید ایجاد شد و فکر کردند مردم همیشه دنباله رو آنان هستندوکوپن آقای هاشمی سوخته و ایشان را در مقاطعی تخریب کردند. \r\n\r\n وی با تاکید براینکه آقای هاشمی از واقعیت و استوانه های نظام هستند، وجود طرفدارن زیاد در هر دو طیف سیاسی اصلاح طلب و اصولگرا را از مهمترین عواملی دانست که در راستای حضور بانشاط و سرزنده شخص آقای هاشمی در عرصه سیاست تاثیر داشته است افزود: یکی از اشتباهات اصلاح طلبان در عرصه سیاسی، اشتباه در مورد نوع برخورد و تعامل با شخص آقای هاشمی که فردی معتدل هستند بود.
3,دولت گذشته باعث افول احزاب شد \r\n دبیرکل مجمع زنان اصلاح طلب تاکید کرد: در دولت گذشته٬ نه تنها به احزاب توجهی نشد٬ بلکه برای آنها مشکلاتی نیز ایجاد شد. \r\n\r\n فاطمه راکعی در گفت و گو با خبرنگار ایلنا٬ درباره نقش احزاب و کارکرد آنها در فضای سیاسی جامعه گفت: احزاب٬ نتیجه خواست و اراده مردم هستند بنابراین باید خواست مردم را به مسئولان برسانند. \r\n\r\n وی با بیان اینکه رعایت مسایل قانونی، منجر به عبور از نگاه های سیاسی برخی افراد می شود، اظهار داشت: احزاب در چند سال اخیر با مشکلات بسیاری روبه رو بودند اما در حال حال حاضر وضعیت به گونه دیگری است. هر چه سریع تر خانه احزاب فعالیتش را از سر بگیرد، احزاب می توانند فعالیت جدی تری داشته باشند. \r\n\r\n نماینده مجلس ششم با بیان اینکه متاسفانه در دولت گذشته٬ نه تنها به احزاب توجهی نشد٬ بلکه برای آنها مشکلاتی نیز ایجاد شد، یادآور شد: دولت گذشته نه تنها برای جایگاه احزاب اهمیتی قائل نبود٬ بلکه جایگاه و اهمیت احزاب را نفی می کرد. به همین دلیل مشکلاتی از جمله تعطیلی خانه احزاب و دو حزب اصلاح طلب را شاهد بودیم؛ با توجه به تجربه های تلخی که احزاب در دوره ریاست جمهوری قبلی داشتند و از آنجا که دولت گذشته از بنیاد٬ تحزب را زیر سوال برد٬ شرایط و برخوردها و بداخلاقی های سیاسی ایجاد شد که دلیل عمده افول فعالیت احزاب بود. \r\n\r\n راکعی افزود: دموکراسی و مردم سالاری بدون وجود تشکل های حزبی ناقص است و نمی توان بدون وجود آنها به خواسته های مردم رسیدگی کرد. \r\n\r\n وی با یادآوری اینکه احزاب اکنون در تلاش برای فعال کردن زیرساخت های خود و فرهنگ سازی در سطح جامعه و آموزش هستند٬ خاطرنشان کرد: برخی احزاب کنگره های خود را برگزار کردند و مشکل خانه احزاب در حال پیگیری است و تلاش می شود شورای مرکزی قانونی این خانه تشکیل مجمع دهد. \r\n\r\n پایان پیام
3,حکم مهدی هاشمی فردا ابلاغ می شود\r\nحکم مهدی هاشمی رفسنجانی احتمالا تا فردا اعلام می شود.\r\nبه گزارش نامه نیوز، ا توجه به رسیدگی های انجام شده در دادگاه تجدیدنظر، احتمالا تا فردا حکم مهدی هاشمی رفسنجانی اعلام خواهد شد. <br/><br/> از جمله مهمترین پرونده های دستگاه قضایی در سال 93، پرونده مهدی هاشمی فرزند آیت الله هاشمی رفسنجانی بهرمانی بود. مهدی هاشمی پس از سفر تقریباً طولانی به فرنگ به بهانه آنچه ادامه تحصیل عنوان کرده بود، دوم مهر ماه سال 91 به ایران بازگشت و یک روز پس از ورودش به کشور به دادسرای امنیت رفت تا پاسخگوی اتهامات مالی و امنیتی مطرح شده باشد. دادستانی تهران در ساعات پایانی همان روز یعنی سوم مهر 91 اعلام کرد که مهدی هاشمی از سوی بازپرس پرونده تفهیم اتهام شد و با صدور قرار بازداشت موقت به زندان رفت. <br/><br/> وی پس از حدود 3 ماه بازداشت موقت در زندان اوین، 27 آذر 91 با تودیع وثیقه 10میلیارد تومانی آزاد شد. کمتر از یک ماه بعد یعنی 20 دی 1391 عباس جعفری دولت آبادی دادستان تهران از صدور کیفرخواست برای مهدی هاشمی خبر داد و گفت: این کیفرخواست مشتمل بر 125 صفحه با 12 عنوان اتهامی است. <br/><br/> پس از تعیین قاضی ناصر سراج برای رسیدگی به پرونده مهدی هاشمی، با تعیین وقت قبلی قرار بود نخستین جلسه رسیدگی به اتهامات مهدی هاشمی، 15 اردیبهشت92 در دادگاه انقلاب برگزار شود ولی به دلیل موافقت دادگاه با استمهال مهدی هاشمی و همچنین وجود نقص در کیفرخواست، این پرونده به دادسرا بازگشت. ناصر سراج چندی بعد درباره وضعیت رسیدگی به این پرونده در جمع خبرنگاران گفت که پرونده مهدی هاشمی ایرادات سنگینی دارد و ارسال آن از دادسرا به دادگاه زمان زیادی می برد. <br/><br/> پس از وقفه طولانی برای رفع نواقص مدنظر دادگاه در دادسرا و تعیین قاضی و شعبه جدید به علت انتصاب سراج به عنوان رییس سازمان بازرسی کل کشور، نخستین جلسه محاکمه مهدی هاشمی 11 مرداد ماه سال 93 در شعبه 28 دادگاه انقلاب به ریاست قاضی مقیسه برگزار شد. با برگزاری 26 جلسه محاکمه، دادگاه با برخی تحقیقات و استعلام ها، تنفس اعلام کرد. <br/><br/> در نهایت، شعبه رسیدگی کننده طی دو جلسه، آخرین دفاعیات مهدی هاشمی را اخذ کرد و وکلای وی نیز (سید محمود علیزاده طباطبایی و وحید ابوالمعالی) لایحه آخرین دفاع خود را ارایه کردند. <br/><br/> اواخر اسفند ماه سال گذشته بود که حکم دادگاه انقلاب صادر و 26 اسفند ماه به مهدی هاشمی ابلاغ شد که به گفته غلامحسین محسنی اژه ای، وی به حبس، جزای نقدی و انفصال از خدمت محکوم شده است. <br/><br/> برخی رسانه ها میزان حبس هاشمی را 15 سال عنوان کردند اما ابوالمعالی(یکی از وکلای مهدی هاشمی) این رقم را نادرست خواند و گفت میزان حبس موکلش کمتر از نصف این رقم است. <br/><br/> طبق قانون، مهدی هاشمی 20 روز پس از ابلاغ حکم می توانست به رأی صادر شده اعتراض کند اما در آخرین روز (19 فروردین 94) و آنگونه که وکیلش عنوان کرده، با اصرار مادرش به حکم دادگاه اعتراض کرد و پرونده به شعبه 54 تجدیدنظر استان تهران ارجاع شد.
3,اطلاعیه حضور خونین جعلی است +عکس\r\nاخیرا تصویری از یک اطلاعیه در شبکه های اجتماعی به صورت گسترده منتشر شده است که از مردم می خواهد حضور خونین مقابل ورزشگاه آزادی داشته باشند.\r\nبه منظور جلوگیری از گسترش شایعات مجازی در شبکه های اجتماعی، مهم ترین و جدیدترین شایعه منتشر شده در فضای مجازی که توسط کاربران شبکه های اجتماعی نقل می شود را در بسته خبری از شایعه تا واقعیت بررسی می کند. <br/><br/> بر همین اساس، اخیرا تصویری از یک اطلاعیه در شبکه های اجتماعی به صورت گسترده منتشر شده است که از مردم می خواهد حضور خونین مقابل ورزشگاه آزادی داشته باشند. <br/><br/> نشر گسترده این اطلاعیه در روزهای اخیر، دستمایه جنجال سازی برخی رسانه های اصلاح طلب و ضدانقلاب برای تخریب امت حزب الله شده است؛ در حالی که صحت و سقم این اطلاعیه و ماهیت منتشرکنندگان آن اصلا مشخص نیست و هیچ جریان و گروه خاصی مسئولیت انتشار این اطلاعیه عجیب را بر عهده نگرفته است. <br/><br/> البته با مرور کوتاه بر جمله بندی و واژه های اغراق شده این اطلاعیه، جعلی بودن آن محرز می شود. <br/><br/> به گزارش اقتصاد پرس به نقل از فارس، به نظر می رسد قوه قضائیه و نهادهای امنیتی و اطلاعاتی باید با منتشرکنندگان این گونه اطلاعیه های مشکوک برخورد جدی کنند تا مشخص شود چه کسانی درصدد تشوشی اذهان عمومی در فضای مجازی هستند.
3,ترس سعودی ها از سفر قاسم سلیمانی به لبنان\r\nرسوایی سعودی ها که با انتشار اسناد ویکی لیکس از ابتدای این هفته آغاز شده، همچنان ادامه دارد و با انتشار بخش های جدیدی از ترجمه این اسناد ابعاد بیشتری از تلاش های ضدایرانی آل سعود آشکار می شود.\r\nبه گزارش نماینده ، رسوایی سعودی ها که با انتشار اسناد ویکی لیکس از ابتدای این هفته آغاز شده، همچنان ادامه دارد و با انتشار بخش های جدیدی از ترجمه این اسناد ابعاد بیشتری از تلاش های ضدایرانی آل سعود آشکار می شود. درتازه ترین اسناد محرمانه منتشر شده وزیر خارجه اسبق عربستان به پادشاه سابق این کشور نامه ای درباره سفر سردار سلیمانی به لبنان نوشته است. \r\n\r\n سعود الفیصل در این مکاتبه ضمن نگرانی از سفر سردار سلیمانی به عربستان نوشته است: توجه بسیاری از محافل لبنان به سفر قاسم سلیمانی فرمانده قدس سپاه پاسداران ایران به این کشور و دیدارش با شورای جهاد حزب ا... و گفتگو در خصوص ضرورت تسلط تدریجی بر لبنان منعطف شده بود. \r\n\r\n بر اساس یکی دیگر از اسناد محرمانه منتشر شده سعودی ها همچنین در مورد نفوذ ایران در هند ابراز نگرانی کرده اند. در این باره هندوستان تایمز نوشت: مکاتبات دیپلماتیک افشا شده توسط ویکی لیکس نشان می دهد عربستان سعودی در مورد نفوذ رو به رشد ایران در هند و نزدیک شدن تهران به جامعه شیعیان هند نگران بوده و به همین دلیل خواهان افزایش روابط با هند شده است. \r\n\r\n این اسناد همچنین نشان می دهد دبیرخانه اتحادیه جهان اسلام در مکه - سازمانی بحث برانگیز که در تامین بودجه اقدامات تروریستی شرکت دارد - از عربستان سعودی درخواست کرده بود به ایجاد مراکز سلفی و وهابی این سازمان در هند بپردازد. \r\n\r\n همچنین العالم نیز در گزارشی به یکی دیگر از اسناد منتشر شده از سعودی ها اشاره کرده و نوشته است: این سند بیانگر آن است که سرویس امنیت و اطلاعات خارجی عربستان سعودی روابط جمهوری اسلامی ایران و عمان را زیر نظر دارد. \r\n\r\n منبع: خبرگزاری صدا و سیما
3,"روایت جدید احمدی نژاد از برکناری متکی\r\nگروه سیاسی: محمود احمدی نژاد، اخیرا در یک گردهمایی دانشجویی به سئوالات آنان پاسخ داد، وی در پاسخ به این سئوال که ""علت عزل منوچهر متکی در حین مأموریت چه بود؟"" گفت: سه چهار دیپلمات را که بنده مخالف اعزام اینها به کشورهای غربی بودم، ایشان به غرب اعزام کرد و آنها هم رفتند و پناهنده شدند. بعد از سفر نیویورک، در جلسه ای قضیه بررسی شد و بنا شد ایشان عوض شوند. لازم به ذکر است که من در دور دوم دولت با ایشان دیگر کاری نداشتم و تمام کارهای بین المللی به عهده خودم بود. \r\n\r\n بهرحال از روزی که تصمیم گرفتیم که ایشان وزیر نباشد، ایشان مداوماً در سفر بود حتی در دولت هم که حضور پیدا می کرد سریعاً ناپدید می شد تا اینکه بعد از سه ماه بالاخره در ساعت ده شب با ایشان وقت تنظیم شد و به ایشان گفتیم که شما دیگر در دولت وزیر نیستید ولی من دوست دارم شما بعنوان معاون رئیس جمهور و رئیس سازمان انرژی اتمی فعالیت کنید. گفت من امشب میخواهم به سنگال بروم و اصرار کرد که من می روم. گفتم شما از نظر من وزیر نیستی. ولی با این حال با هواپیمای اختصاصی رفت و گفت که دوشنبه ظهر بر میگردم. \r\n\r\n من هم همانجا حکم عزل ایشان را صادر کردم و نوشتم که دوشنبه عصر اعلام شود. دوشنبه عصر گفتم شاید از سفر برنگشته باشد. با دفتر تماس گرفتم که فعلا حکم را اعلام نکنند. گفتند پنج دقیقه قبل اعلام کردیم . گفتم بردارید تا مطمئن شویم که برگشته است. گفتند دیگر دیر شده چونکه در رسانه ها منتشر شده است. بعد که از سفر برگشتند، از مدیرکل تشریفات وزارت خارجه پرسیدم چرا دیر آمدید؟ گفت: دوشنبه ظهر جلسات رسمی تمام شد و بنا بود برگردیم ولی ایشان به من گفت که یک قرار شام بگذار و سفر را تمدید کن. گفت حتی اگر می توانید یک سفر دیگر هم برای من هماهنگ کن تا من از اینجا مستقیم به ایران نروم. ضمناً زمانی هم که ایشان حکم عزلش اعلام شد، در هیچ جلسه رسمی نبوده است. \r\n\r\n بعداً معاونان ایشان به ما گفتند که ما تعجب می کردیم چون ایشان از همان سه ماه قبل به ما گفته بود هرجا که می توانید برای من سفر هماهنگ کنید. فقط سفر باشد هرجا بود مشکلی نیست! این معاونان می گفتند ما نمی دانستیم چه اتفاقی افتاده ولی ایشان اصرار به سفر خارجی داشتند. مأموریت ها را باید من به وزیر می دادم اما ایشان بدون هماهنگی با من همه جا میرفت و این سفرها نه نتیجه ای و نه گزارشی داشت. بخدا میل شخصی من بر برداشتن متکی نبود ولی شرایطی ایجاد شده بود که باید ایشان را بر می داشتم."
